Record Length,2.500000e+03,,   0.000002500000, -23.00000,
Sample Interval,1.000000e-08,,   0.000002510000, -23.00000,
Trigger Point,-2.500000000000e+02,,   0.000002520000, -23.00000,
,,,   0.000002530000, -23.00000,
,,,   0.000002540000, -23.00000,
,,,   0.000002550000, -23.00000,
Source,CH2,,   0.000002560000, -23.00000,
Vertical Units,V,,   0.000002570000, -23.00000,
Vertical Scale,5.000000e+00,,   0.000002580000, -23.00000,
Vertical Offset,2.000000e+01,,   0.000002590000, -23.00000,
Horizontal Units,s,,   0.000002600000, -23.00000,
Horizontal Scale,2.500000e-06,,   0.000002610000, -23.00000,
Pt Fmt,Y,,   0.000002620000, -23.00000,
Yzero,0.000000e+00,,   0.000002630000, -23.00000,
Probe Atten,1.000000e+01,,   0.000002640000, -23.00000,
Model Number,TDS1002B,,   0.000002650000, -23.00000,
Serial Number,C052304,,   0.000002660000, -23.00000,
Firmware Version,FV:v22.01,,   0.000002670000, -23.00000,
,,,0.000002680000, -23.00000,
,,,0.000002690000, -23.00000,
,,,0.000002700000, -23.00000,
,,,0.000002710000, -23.00000,
,,,0.000002720000, -23.00000,
,,,0.000002730000, -23.00000,
,,,0.000002740000, -23.00000,
,,,0.000002750000, -23.00000,
,,,0.000002760000, -23.00000,
,,,0.000002770000, -23.00000,
,,,0.000002780000, -23.00000,
,,,0.000002790000, -23.00000,
,,,0.000002800000, -23.00000,
,,,0.000002810000, -23.00000,
,,,0.000002820000, -23.00000,
,,,0.000002830000, -23.00000,
,,,0.000002840000, -23.00000,
,,,0.000002850000, -23.00000,
,,,0.000002860000, -23.00000,
,,,0.000002870000, -23.00000,
,,,0.000002880000, -23.00000,
,,,0.000002890000, -23.00000,
,,,0.000002900000, -23.00000,
,,,0.000002910000, -23.00000,
,,,0.000002920000, -23.00000,
,,,0.000002930000, -23.00000,
,,,0.000002940000, -23.00000,
,,,0.000002950000, -23.00000,
,,,0.000002960000, -23.00000,
,,,0.000002970000, -23.00000,
,,,0.000002980000, -23.00000,
,,,0.000002990000, -23.00000,
,,,0.000003000000, -23.00000,
,,,0.000003010000, -23.00000,
,,,0.000003020000, -23.00000,
,,,0.000003030000, -23.00000,
,,,0.000003040000, -23.00000,
,,,0.000003050000, -23.00000,
,,,0.000003060000, -23.00000,
,,,0.000003070000, -23.00000,
,,,0.000003080000, -23.00000,
,,,0.000003090000, -23.00000,
,,,0.000003100000, -23.00000,
,,,0.000003110000, -23.00000,
,,,0.000003120000, -23.00000,
,,,0.000003130000, -23.00000,
,,,0.000003140000, -23.00000,
,,,0.000003150000, -23.00000,
,,,0.000003160000, -23.00000,
,,,0.000003170000, -23.00000,
,,,0.000003180000, -23.00000,
,,,0.000003190000, -23.00000,
,,,0.000003200000, -23.00000,
,,,0.000003210000, -23.00000,
,,,0.000003220000, -23.00000,
,,,0.000003230000, -23.00000,
,,,0.000003240000, -23.00000,
,,,0.000003250000, -23.00000,
,,,0.000003260000, -23.00000,
,,,0.000003270000, -23.00000,
,,,0.000003280000, -23.00000,
,,,0.000003290000, -23.00000,
,,,0.000003300000, -23.00000,
,,,0.000003310000, -23.00000,
,,,0.000003320000, -23.00000,
,,,0.000003330000, -23.00000,
,,,0.000003340000, -23.00000,
,,,0.000003350000, -23.00000,
,,,0.000003360000, -23.00000,
,,,0.000003370000, -23.00000,
,,,0.000003380000, -23.00000,
,,,0.000003390000, -23.00000,
,,,0.000003400000, -23.00000,
,,,0.000003410000, -23.00000,
,,,0.000003420000, -23.00000,
,,,0.000003430000, -23.00000,
,,,0.000003440000, -23.00000,
,,,0.000003450000, -23.00000,
,,,0.000003460000, -23.00000,
,,,0.000003470000, -23.00000,
,,,0.000003480000, -23.00000,
,,,0.000003490000, -23.00000,
,,,0.000003500000, -23.00000,
,,,0.000003510000, -23.00000,
,,,0.000003520000, -23.00000,
,,,0.000003530000, -23.00000,
,,,0.000003540000, -23.00000,
,,,0.000003550000, -23.00000,
,,,0.000003560000, -23.00000,
,,,0.000003570000, -23.00000,
,,,0.000003580000, -23.00000,
,,,0.000003590000, -23.00000,
,,,0.000003600000, -23.00000,
,,,0.000003610000, -23.00000,
,,,0.000003620000, -23.00000,
,,,0.000003630000, -23.00000,
,,,0.000003640000, -23.00000,
,,,0.000003650000, -23.00000,
,,,0.000003660000, -23.00000,
,,,0.000003670000, -23.00000,
,,,0.000003680000, -23.00000,
,,,0.000003690000, -23.00000,
,,,0.000003700000, -23.00000,
,,,0.000003710000, -23.00000,
,,,0.000003720000, -23.00000,
,,,0.000003730000, -23.00000,
,,,0.000003740000, -23.00000,
,,,0.000003750000, -23.00000,
,,,0.000003760000, -23.00000,
,,,0.000003770000, -23.00000,
,,,0.000003780000, -23.00000,
,,,0.000003790000, -23.00000,
,,,0.000003800000, -23.00000,
,,,0.000003810000, -23.00000,
,,,0.000003820000, -23.00000,
,,,0.000003830000, -23.00000,
,,,0.000003840000, -23.00000,
,,,0.000003850000, -23.00000,
,,,0.000003860000, -23.00000,
,,,0.000003870000, -23.00000,
,,,0.000003880000, -23.00000,
,,,0.000003890000, -23.00000,
,,,0.000003900000, -23.00000,
,,,0.000003910000, -23.00000,
,,,0.000003920000, -23.00000,
,,,0.000003930000, -23.00000,
,,,0.000003940000, -23.00000,
,,,0.000003950000, -23.00000,
,,,0.000003960000, -23.00000,
,,,0.000003970000, -23.00000,
,,,0.000003980000, -23.00000,
,,,0.000003990000, -23.00000,
,,,0.000004000000, -23.00000,
,,,0.000004010000, -23.00000,
,,,0.000004020000, -23.00000,
,,,0.000004030000, -23.00000,
,,,0.000004040000, -23.00000,
,,,0.000004050000, -23.00000,
,,,0.000004060000, -23.00000,
,,,0.000004070000, -23.00000,
,,,0.000004080000, -23.00000,
,,,0.000004090000, -23.00000,
,,,0.000004100000, -23.00000,
,,,0.000004110000, -23.00000,
,,,0.000004120000, -23.00000,
,,,0.000004130000, -23.00000,
,,,0.000004140000, -23.00000,
,,,0.000004150000, -23.00000,
,,,0.000004160000, -23.00000,
,,,0.000004170000, -23.00000,
,,,0.000004180000, -23.00000,
,,,0.000004190000, -23.00000,
,,,0.000004200000, -23.00000,
,,,0.000004210000, -23.00000,
,,,0.000004220000, -23.00000,
,,,0.000004230000, -23.00000,
,,,0.000004240000, -23.00000,
,,,0.000004250000, -23.00000,
,,,0.000004260000, -23.00000,
,,,0.000004270000, -23.00000,
,,,0.000004280000, -23.00000,
,,,0.000004290000, -23.00000,
,,,0.000004300000, -23.00000,
,,,0.000004310000, -23.00000,
,,,0.000004320000, -23.00000,
,,,0.000004330000, -23.00000,
,,,0.000004340000, -23.00000,
,,,0.000004350000, -23.00000,
,,,0.000004360000, -23.00000,
,,,0.000004370000, -23.00000,
,,,0.000004380000, -23.00000,
,,,0.000004390000, -23.00000,
,,,0.000004400000, -23.00000,
,,,0.000004410000, -23.00000,
,,,0.000004420000, -23.00000,
,,,0.000004430000, -23.00000,
,,,0.000004440000, -23.00000,
,,,0.000004450000, -23.00000,
,,,0.000004460000, -23.00000,
,,,0.000004470000, -23.00000,
,,,0.000004480000, -23.00000,
,,,0.000004490000, -23.00000,
,,,0.000004500000, -23.00000,
,,,0.000004510000, -23.00000,
,,,0.000004520000, -23.00000,
,,,0.000004530000, -23.00000,
,,,0.000004540000, -23.00000,
,,,0.000004550000, -23.00000,
,,,0.000004560000, -23.00000,
,,,0.000004570000, -23.00000,
,,,0.000004580000, -23.00000,
,,,0.000004590000, -23.00000,
,,,0.000004600000, -23.00000,
,,,0.000004610000, -23.00000,
,,,0.000004620000, -23.00000,
,,,0.000004630000, -23.00000,
,,,0.000004640000, -23.00000,
,,,0.000004650000, -23.00000,
,,,0.000004660000, -23.00000,
,,,0.000004670000, -23.00000,
,,,0.000004680000, -23.00000,
,,,0.000004690000, -23.00000,
,,,0.000004700000, -23.00000,
,,,0.000004710000, -23.00000,
,,,0.000004720000, -23.00000,
,,,0.000004730000, -23.00000,
,,,0.000004740000, -23.00000,
,,,0.000004750000, -23.00000,
,,,0.000004760000, -23.00000,
,,,0.000004770000, -23.00000,
,,,0.000004780000, -23.00000,
,,,0.000004790000, -23.00000,
,,,0.000004800000, -23.00000,
,,,0.000004810000, -23.00000,
,,,0.000004820000, -23.00000,
,,,0.000004830000, -23.00000,
,,,0.000004840000, -23.00000,
,,,0.000004850000, -23.00000,
,,,0.000004860000, -23.00000,
,,,0.000004870000, -23.00000,
,,,0.000004880000, -23.00000,
,,,0.000004890000, -23.00000,
,,,0.000004900000, -23.00000,
,,,0.000004910000, -23.00000,
,,,0.000004920000, -23.00000,
,,,0.000004930000, -23.00000,
,,,0.000004940000, -23.00000,
,,,0.000004950000, -23.00000,
,,,0.000004960000, -23.00000,
,,,0.000004970000, -23.00000,
,,,0.000004980000, -23.00000,
,,,0.000004990000, -23.00000,
,,,0.000005000000, -23.00000,
,,,0.000005010000, -23.00000,
,,,0.000005020000, -23.00000,
,,,0.000005030000, -23.00000,
,,,0.000005040000, -23.00000,
,,,0.000005050000, -23.00000,
,,,0.000005060000, -23.00000,
,,,0.000005070000, -23.00000,
,,,0.000005080000, -23.00000,
,,,0.000005090000, -23.00000,
,,,0.000005100000, -23.00000,
,,,0.000005110000, -23.00000,
,,,0.000005120000, -23.00000,
,,,0.000005130000, -23.00000,
,,,0.000005140000, -23.00000,
,,,0.000005150000, -23.00000,
,,,0.000005160000, -23.00000,
,,,0.000005170000, -23.00000,
,,,0.000005180000, -23.00000,
,,,0.000005190000, -23.00000,
,,,0.000005200000, -23.00000,
,,,0.000005210000, -23.00000,
,,,0.000005220000, -23.00000,
,,,0.000005230000, -23.00000,
,,,0.000005240000, -23.00000,
,,,0.000005250000, -23.00000,
,,,0.000005260000, -23.00000,
,,,0.000005270000, -23.00000,
,,,0.000005280000, -23.00000,
,,,0.000005290000, -23.00000,
,,,0.000005300000, -23.00000,
,,,0.000005310000, -23.00000,
,,,0.000005320000, -23.00000,
,,,0.000005330000, -23.00000,
,,,0.000005340000, -23.00000,
,,,0.000005350000, -23.00000,
,,,0.000005360000, -23.00000,
,,,0.000005370000, -23.00000,
,,,0.000005380000, -23.00000,
,,,0.000005390000, -23.00000,
,,,0.000005400000, -23.00000,
,,,0.000005410000, -23.00000,
,,,0.000005420000, -23.00000,
,,,0.000005430000, -23.00000,
,,,0.000005440000, -23.00000,
,,,0.000005450000, -23.00000,
,,,0.000005460000, -23.00000,
,,,0.000005470000, -23.00000,
,,,0.000005480000, -23.00000,
,,,0.000005490000, -23.00000,
,,,0.000005500000, -23.00000,
,,,0.000005510000, -23.00000,
,,,0.000005520000, -23.00000,
,,,0.000005530000, -23.00000,
,,,0.000005540000, -23.00000,
,,,0.000005550000, -23.00000,
,,,0.000005560000, -23.00000,
,,,0.000005570000, -23.00000,
,,,0.000005580000, -23.00000,
,,,0.000005590000, -23.00000,
,,,0.000005600000, -23.00000,
,,,0.000005610000, -23.00000,
,,,0.000005620000, -23.00000,
,,,0.000005630000, -23.00000,
,,,0.000005640000, -23.00000,
,,,0.000005650000, -23.00000,
,,,0.000005660000, -23.00000,
,,,0.000005670000, -23.00000,
,,,0.000005680000, -23.00000,
,,,0.000005690000, -23.00000,
,,,0.000005700000, -23.00000,
,,,0.000005710000, -23.00000,
,,,0.000005720000, -23.00000,
,,,0.000005730000, -23.00000,
,,,0.000005740000, -23.00000,
,,,0.000005750000, -23.00000,
,,,0.000005760000, -23.00000,
,,,0.000005770000, -23.00000,
,,,0.000005780000, -23.00000,
,,,0.000005790000, -23.00000,
,,,0.000005800000, -23.00000,
,,,0.000005810000, -23.00000,
,,,0.000005820000, -23.00000,
,,,0.000005830000, -23.00000,
,,,0.000005840000, -23.00000,
,,,0.000005850000, -23.00000,
,,,0.000005860000, -23.00000,
,,,0.000005870000, -23.00000,
,,,0.000005880000, -23.00000,
,,,0.000005890000, -23.00000,
,,,0.000005900000, -23.00000,
,,,0.000005910000, -23.00000,
,,,0.000005920000, -23.00000,
,,,0.000005930000, -23.00000,
,,,0.000005940000, -23.00000,
,,,0.000005950000, -23.00000,
,,,0.000005960000, -23.00000,
,,,0.000005970000, -23.00000,
,,,0.000005980000, -23.00000,
,,,0.000005990000, -23.00000,
,,,0.000006000000, -23.00000,
,,,0.000006010000, -23.00000,
,,,0.000006020000, -23.00000,
,,,0.000006030000, -23.00000,
,,,0.000006040000, -23.00000,
,,,0.000006050000, -23.00000,
,,,0.000006060000, -23.00000,
,,,0.000006070000, -23.00000,
,,,0.000006080000, -23.00000,
,,,0.000006090000, -23.00000,
,,,0.000006100000, -23.00000,
,,,0.000006110000, -23.00000,
,,,0.000006120000, -23.00000,
,,,0.000006130000, -23.00000,
,,,0.000006140000, -23.00000,
,,,0.000006150000, -23.00000,
,,,0.000006160000, -23.00000,
,,,0.000006170000, -23.00000,
,,,0.000006180000, -23.00000,
,,,0.000006190000, -23.00000,
,,,0.000006200000, -23.00000,
,,,0.000006210000, -23.00000,
,,,0.000006220000, -23.00000,
,,,0.000006230000, -23.00000,
,,,0.000006240000, -23.00000,
,,,0.000006250000, -23.00000,
,,,0.000006260000, -23.00000,
,,,0.000006270000, -23.00000,
,,,0.000006280000, -23.00000,
,,,0.000006290000, -23.00000,
,,,0.000006300000, -23.00000,
,,,0.000006310000, -23.00000,
,,,0.000006320000, -23.00000,
,,,0.000006330000, -23.00000,
,,,0.000006340000, -23.00000,
,,,0.000006350000, -23.00000,
,,,0.000006360000, -23.00000,
,,,0.000006370000, -23.00000,
,,,0.000006380000, -23.00000,
,,,0.000006390000, -23.00000,
,,,0.000006400000, -23.00000,
,,,0.000006410000, -23.00000,
,,,0.000006420000, -23.00000,
,,,0.000006430000, -23.00000,
,,,0.000006440000, -23.00000,
,,,0.000006450000, -23.00000,
,,,0.000006460000, -23.00000,
,,,0.000006470000, -23.00000,
,,,0.000006480000, -23.00000,
,,,0.000006490000, -23.00000,
,,,0.000006500000, -23.00000,
,,,0.000006510000, -23.00000,
,,,0.000006520000, -23.00000,
,,,0.000006530000, -23.00000,
,,,0.000006540000, -23.00000,
,,,0.000006550000, -23.00000,
,,,0.000006560000, -23.00000,
,,,0.000006570000, -23.00000,
,,,0.000006580000, -23.00000,
,,,0.000006590000, -23.00000,
,,,0.000006600000, -23.00000,
,,,0.000006610000, -23.00000,
,,,0.000006620000, -23.00000,
,,,0.000006630000, -23.00000,
,,,0.000006640000, -23.00000,
,,,0.000006650000, -23.00000,
,,,0.000006660000, -23.00000,
,,,0.000006670000, -23.00000,
,,,0.000006680000, -23.00000,
,,,0.000006690000, -23.00000,
,,,0.000006700000, -23.00000,
,,,0.000006710000, -23.00000,
,,,0.000006720000, -23.00000,
,,,0.000006730000, -23.00000,
,,,0.000006740000, -23.00000,
,,,0.000006750000, -23.00000,
,,,0.000006760000, -23.00000,
,,,0.000006770000, -23.00000,
,,,0.000006780000, -23.00000,
,,,0.000006790000, -23.00000,
,,,0.000006800000, -23.00000,
,,,0.000006810000, -23.00000,
,,,0.000006820000, -23.00000,
,,,0.000006830000, -23.00000,
,,,0.000006840000, -23.00000,
,,,0.000006850000, -23.00000,
,,,0.000006860000, -23.00000,
,,,0.000006870000, -23.00000,
,,,0.000006880000, -23.00000,
,,,0.000006890000, -23.00000,
,,,0.000006900000, -23.00000,
,,,0.000006910000, -23.00000,
,,,0.000006920000, -23.00000,
,,,0.000006930000, -23.00000,
,,,0.000006940000, -23.00000,
,,,0.000006950000, -23.00000,
,,,0.000006960000, -23.00000,
,,,0.000006970000, -23.00000,
,,,0.000006980000, -23.00000,
,,,0.000006990000, -23.00000,
,,,0.000007000000, -23.00000,
,,,0.000007010000, -23.00000,
,,,0.000007020000, -23.00000,
,,,0.000007030000, -23.00000,
,,,0.000007040000, -23.00000,
,,,0.000007050000, -23.00000,
,,,0.000007060000, -23.00000,
,,,0.000007070000, -23.00000,
,,,0.000007080000, -23.00000,
,,,0.000007090000, -23.00000,
,,,0.000007100000, -23.00000,
,,,0.000007110000, -23.00000,
,,,0.000007120000, -23.00000,
,,,0.000007130000, -23.00000,
,,,0.000007140000, -23.00000,
,,,0.000007150000, -23.00000,
,,,0.000007160000, -23.00000,
,,,0.000007170000, -23.00000,
,,,0.000007180000, -23.00000,
,,,0.000007190000, -23.00000,
,,,0.000007200000, -23.00000,
,,,0.000007210000, -23.00000,
,,,0.000007220000, -23.00000,
,,,0.000007230000, -23.00000,
,,,0.000007240000, -23.00000,
,,,0.000007250000, -23.00000,
,,,0.000007260000, -23.00000,
,,,0.000007270000, -23.00000,
,,,0.000007280000, -23.00000,
,,,0.000007290000, -23.00000,
,,,0.000007300000, -23.00000,
,,,0.000007310000, -23.00000,
,,,0.000007320000, -23.00000,
,,,0.000007330000, -23.00000,
,,,0.000007340000, -23.00000,
,,,0.000007350000, -23.00000,
,,,0.000007360000, -23.00000,
,,,0.000007370000, -23.00000,
,,,0.000007380000, -23.00000,
,,,0.000007390000, -23.00000,
,,,0.000007400000, -23.00000,
,,,0.000007410000, -23.00000,
,,,0.000007420000, -23.00000,
,,,0.000007430000, -23.00000,
,,,0.000007440000, -23.00000,
,,,0.000007450000, -23.00000,
,,,0.000007460000, -23.00000,
,,,0.000007470000, -23.00000,
,,,0.000007480000, -23.00000,
,,,0.000007490000, -23.00000,
,,,0.000007500000, -23.00000,
,,,0.000007510000, -23.00000,
,,,0.000007520000, -23.00000,
,,,0.000007530000, -23.00000,
,,,0.000007540000, -23.00000,
,,,0.000007550000, -23.00000,
,,,0.000007560000, -23.00000,
,,,0.000007570000, -23.00000,
,,,0.000007580000, -23.00000,
,,,0.000007590000, -23.00000,
,,,0.000007600000, -23.00000,
,,,0.000007610000, -23.00000,
,,,0.000007620000, -23.00000,
,,,0.000007630000, -23.00000,
,,,0.000007640000, -23.00000,
,,,0.000007650000, -23.00000,
,,,0.000007660000, -23.00000,
,,,0.000007670000, -23.00000,
,,,0.000007680000, -23.00000,
,,,0.000007690000, -23.00000,
,,,0.000007700000, -23.00000,
,,,0.000007710000, -23.00000,
,,,0.000007720000, -23.00000,
,,,0.000007730000, -23.00000,
,,,0.000007740000, -23.00000,
,,,0.000007750000, -23.00000,
,,,0.000007760000, -23.00000,
,,,0.000007770000, -23.00000,
,,,0.000007780000, -23.00000,
,,,0.000007790000, -23.00000,
,,,0.000007800000, -23.00000,
,,,0.000007810000, -23.00000,
,,,0.000007820000, -23.00000,
,,,0.000007830000, -23.00000,
,,,0.000007840000, -23.00000,
,,,0.000007850000, -23.00000,
,,,0.000007860000, -23.00000,
,,,0.000007870000, -23.00000,
,,,0.000007880000, -23.00000,
,,,0.000007890000, -23.00000,
,,,0.000007900000, -23.00000,
,,,0.000007910000, -23.00000,
,,,0.000007920000, -23.00000,
,,,0.000007930000, -23.00000,
,,,0.000007940000, -23.00000,
,,,0.000007950000, -23.00000,
,,,0.000007960000, -23.00000,
,,,0.000007970000, -23.00000,
,,,0.000007980000, -23.00000,
,,,0.000007990000, -23.00000,
,,,0.000008000000, -23.00000,
,,,0.000008010000, -23.00000,
,,,0.000008020000, -23.00000,
,,,0.000008030000, -23.00000,
,,,0.000008040000, -23.00000,
,,,0.000008050000, -23.00000,
,,,0.000008060000, -23.00000,
,,,0.000008070000, -23.00000,
,,,0.000008080000, -23.00000,
,,,0.000008090000, -23.00000,
,,,0.000008100000, -23.00000,
,,,0.000008110000, -23.00000,
,,,0.000008120000, -23.00000,
,,,0.000008130000, -23.00000,
,,,0.000008140000, -23.00000,
,,,0.000008150000, -23.00000,
,,,0.000008160000, -23.00000,
,,,0.000008170000, -23.00000,
,,,0.000008180000, -23.00000,
,,,0.000008190000, -23.00000,
,,,0.000008200000, -23.00000,
,,,0.000008210000, -23.00000,
,,,0.000008220000, -23.00000,
,,,0.000008230000, -23.00000,
,,,0.000008240000, -23.00000,
,,,0.000008250000, -23.00000,
,,,0.000008260000, -23.00000,
,,,0.000008270000, -23.00000,
,,,0.000008280000, -23.00000,
,,,0.000008290000, -23.00000,
,,,0.000008300000, -23.00000,
,,,0.000008310000, -23.00000,
,,,0.000008320000, -23.00000,
,,,0.000008330000, -23.00000,
,,,0.000008340000, -23.00000,
,,,0.000008350000, -23.00000,
,,,0.000008360000, -23.00000,
,,,0.000008370000, -23.00000,
,,,0.000008380000, -23.00000,
,,,0.000008390000, -23.00000,
,,,0.000008400000, -23.00000,
,,,0.000008410000, -23.00000,
,,,0.000008420000, -23.00000,
,,,0.000008430000, -23.00000,
,,,0.000008440000, -23.00000,
,,,0.000008450000, -23.00000,
,,,0.000008460000, -23.00000,
,,,0.000008470000, -23.00000,
,,,0.000008480000, -23.00000,
,,,0.000008490000, -23.00000,
,,,0.000008500000, -23.00000,
,,,0.000008510000, -23.00000,
,,,0.000008520000, -23.00000,
,,,0.000008530000, -23.00000,
,,,0.000008540000, -23.00000,
,,,0.000008550000, -23.00000,
,,,0.000008560000, -23.00000,
,,,0.000008570000, -23.00000,
,,,0.000008580000, -23.00000,
,,,0.000008590000, -23.00000,
,,,0.000008600000, -23.00000,
,,,0.000008610000, -23.00000,
,,,0.000008620000, -23.00000,
,,,0.000008630000, -23.00000,
,,,0.000008640000, -23.00000,
,,,0.000008650000, -23.00000,
,,,0.000008660000, -23.00000,
,,,0.000008670000, -23.00000,
,,,0.000008680000, -23.00000,
,,,0.000008690000, -23.00000,
,,,0.000008700000, -23.00000,
,,,0.000008710000, -23.00000,
,,,0.000008720000, -23.00000,
,,,0.000008730000, -23.00000,
,,,0.000008740000, -23.00000,
,,,0.000008750000, -23.00000,
,,,0.000008760000, -23.00000,
,,,0.000008770000, -23.00000,
,,,0.000008780000, -23.00000,
,,,0.000008790000, -23.00000,
,,,0.000008800000, -23.00000,
,,,0.000008810000, -23.00000,
,,,0.000008820000, -23.00000,
,,,0.000008830000, -23.00000,
,,,0.000008840000, -23.00000,
,,,0.000008850000, -23.00000,
,,,0.000008860000, -23.00000,
,,,0.000008870000, -23.00000,
,,,0.000008880000, -23.00000,
,,,0.000008890000, -23.00000,
,,,0.000008900000, -23.00000,
,,,0.000008910000, -23.00000,
,,,0.000008920000, -23.00000,
,,,0.000008930000, -23.00000,
,,,0.000008940000, -23.00000,
,,,0.000008950000, -23.00000,
,,,0.000008960000, -23.00000,
,,,0.000008970000, -23.00000,
,,,0.000008980000, -23.00000,
,,,0.000008990000, -23.00000,
,,,0.000009000000, -23.00000,
,,,0.000009010000, -23.00000,
,,,0.000009020000, -23.00000,
,,,0.000009030000, -23.00000,
,,,0.000009040000, -23.00000,
,,,0.000009050000, -23.00000,
,,,0.000009060000, -23.00000,
,,,0.000009070000, -23.00000,
,,,0.000009080000, -23.00000,
,,,0.000009090000, -23.00000,
,,,0.000009100000, -23.00000,
,,,0.000009110000, -23.00000,
,,,0.000009120000, -23.00000,
,,,0.000009130000, -23.00000,
,,,0.000009140000, -23.00000,
,,,0.000009150000, -23.00000,
,,,0.000009160000, -23.00000,
,,,0.000009170000, -23.00000,
,,,0.000009180000, -23.00000,
,,,0.000009190000, -23.00000,
,,,0.000009200000, -23.00000,
,,,0.000009210000, -23.00000,
,,,0.000009220000, -23.00000,
,,,0.000009230000, -23.00000,
,,,0.000009240000, -23.00000,
,,,0.000009250000, -23.00000,
,,,0.000009260000, -23.00000,
,,,0.000009270000, -23.00000,
,,,0.000009280000, -23.00000,
,,,0.000009290000, -23.00000,
,,,0.000009300000, -23.00000,
,,,0.000009310000, -23.00000,
,,,0.000009320000, -23.00000,
,,,0.000009330000, -23.00000,
,,,0.000009340000, -23.00000,
,,,0.000009350000, -23.00000,
,,,0.000009360000, -23.00000,
,,,0.000009370000, -23.00000,
,,,0.000009380000, -23.00000,
,,,0.000009390000, -23.00000,
,,,0.000009400000, -23.00000,
,,,0.000009410000, -23.00000,
,,,0.000009420000, -23.00000,
,,,0.000009430000, -23.00000,
,,,0.000009440000, -23.00000,
,,,0.000009450000, -23.00000,
,,,0.000009460000, -23.00000,
,,,0.000009470000, -23.00000,
,,,0.000009480000, -23.00000,
,,,0.000009490000, -23.00000,
,,,0.000009500000, -23.00000,
,,,0.000009510000, -23.00000,
,,,0.000009520000, -23.00000,
,,,0.000009530000, -23.00000,
,,,0.000009540000, -23.00000,
,,,0.000009550000, -23.00000,
,,,0.000009560000, -23.00000,
,,,0.000009570000, -23.00000,
,,,0.000009580000, -23.00000,
,,,0.000009590000, -23.00000,
,,,0.000009600000, -23.00000,
,,,0.000009610000, -23.00000,
,,,0.000009620000, -23.00000,
,,,0.000009630000, -23.00000,
,,,0.000009640000, -23.00000,
,,,0.000009650000, -23.00000,
,,,0.000009660000, -23.00000,
,,,0.000009670000, -23.00000,
,,,0.000009680000, -23.00000,
,,,0.000009690000, -23.00000,
,,,0.000009700000, -23.00000,
,,,0.000009710000, -23.00000,
,,,0.000009720000, -23.00000,
,,,0.000009730000, -23.00000,
,,,0.000009740000, -23.00000,
,,,0.000009750000, -23.00000,
,,,0.000009760000, -23.00000,
,,,0.000009770000, -23.00000,
,,,0.000009780000, -23.00000,
,,,0.000009790000, -23.00000,
,,,0.000009800000, -23.00000,
,,,0.000009810000, -23.00000,
,,,0.000009820000, -23.00000,
,,,0.000009830000, -23.00000,
,,,0.000009840000, -23.00000,
,,,0.000009850000, -23.00000,
,,,0.000009860000, -23.00000,
,,,0.000009870000, -23.00000,
,,,0.000009880000, -23.00000,
,,,0.000009890000, -23.00000,
,,,0.000009900000, -23.00000,
,,,0.000009910000, -23.00000,
,,,0.000009920000, -23.00000,
,,,0.000009930000, -23.00000,
,,,0.000009940000, -23.00000,
,,,0.000009950000, -23.00000,
,,,0.000009960000, -23.00000,
,,,0.000009970000, -23.00000,
,,,0.000009980000, -23.00000,
,,,0.000009990000, -23.00000,
,,,0.000010000000, -23.00000,
,,,0.000010010000, -23.00000,
,,,0.000010020000, -23.00000,
,,,0.000010030000, -23.00000,
,,,0.000010040000, -23.00000,
,,,0.000010050000, -23.00000,
,,,0.000010060000, -23.00000,
,,,0.000010070000, -23.00000,
,,,0.000010080000, -23.00000,
,,,0.000010090000, -23.00000,
,,,0.000010100000, -23.00000,
,,,0.000010110000, -23.00000,
,,,0.000010120000, -23.00000,
,,,0.000010130000, -23.00000,
,,,0.000010140000, -23.00000,
,,,0.000010150000, -23.00000,
,,,0.000010160000, -23.00000,
,,,0.000010170000, -23.00000,
,,,0.000010180000, -23.00000,
,,,0.000010190000, -23.00000,
,,,0.000010200000, -23.00000,
,,,0.000010210000, -23.00000,
,,,0.000010220000, -23.00000,
,,,0.000010230000, -23.00000,
,,,0.000010240000, -23.00000,
,,,0.000010250000, -23.00000,
,,,0.000010260000, -23.00000,
,,,0.000010270000, -23.00000,
,,,0.000010280000, -23.00000,
,,,0.000010290000, -23.00000,
,,,0.000010300000, -23.00000,
,,,0.000010310000, -23.00000,
,,,0.000010320000, -23.00000,
,,,0.000010330000, -23.00000,
,,,0.000010340000, -23.00000,
,,,0.000010350000, -23.00000,
,,,0.000010360000, -23.00000,
,,,0.000010370000, -23.00000,
,,,0.000010380000, -23.00000,
,,,0.000010390000, -23.00000,
,,,0.000010400000, -23.00000,
,,,0.000010410000, -23.00000,
,,,0.000010420000, -23.00000,
,,,0.000010430000, -23.00000,
,,,0.000010440000, -23.00000,
,,,0.000010450000, -23.00000,
,,,0.000010460000, -23.00000,
,,,0.000010470000, -23.00000,
,,,0.000010480000, -23.00000,
,,,0.000010490000, -23.00000,
,,,0.000010500000, -23.00000,
,,,0.000010510000, -23.00000,
,,,0.000010520000, -23.00000,
,,,0.000010530000, -23.00000,
,,,0.000010540000, -23.00000,
,,,0.000010550000, -23.00000,
,,,0.000010560000, -23.00000,
,,,0.000010570000, -23.00000,
,,,0.000010580000, -23.00000,
,,,0.000010590000, -23.00000,
,,,0.000010600000, -23.00000,
,,,0.000010610000, -23.00000,
,,,0.000010620000, -23.00000,
,,,0.000010630000, -23.00000,
,,,0.000010640000, -23.00000,
,,,0.000010650000, -23.00000,
,,,0.000010660000, -23.00000,
,,,0.000010670000, -23.00000,
,,,0.000010680000, -23.00000,
,,,0.000010690000, -23.00000,
,,,0.000010700000, -23.00000,
,,,0.000010710000, -23.00000,
,,,0.000010720000, -23.00000,
,,,0.000010730000, -23.00000,
,,,0.000010740000, -23.00000,
,,,0.000010750000, -23.00000,
,,,0.000010760000, -23.00000,
,,,0.000010770000, -23.00000,
,,,0.000010780000, -23.00000,
,,,0.000010790000, -23.00000,
,,,0.000010800000, -23.00000,
,,,0.000010810000, -23.00000,
,,,0.000010820000, -23.00000,
,,,0.000010830000, -23.00000,
,,,0.000010840000, -23.00000,
,,,0.000010850000, -23.00000,
,,,0.000010860000, -23.00000,
,,,0.000010870000, -23.00000,
,,,0.000010880000, -23.00000,
,,,0.000010890000, -23.00000,
,,,0.000010900000, -23.00000,
,,,0.000010910000, -23.00000,
,,,0.000010920000, -23.00000,
,,,0.000010930000, -23.00000,
,,,0.000010940000, -23.00000,
,,,0.000010950000, -23.00000,
,,,0.000010960000, -23.00000,
,,,0.000010970000, -23.00000,
,,,0.000010980000, -23.00000,
,,,0.000010990000, -23.00000,
,,,0.000011000000, -23.00000,
,,,0.000011010000, -23.00000,
,,,0.000011020000, -23.00000,
,,,0.000011030000, -23.00000,
,,,0.000011040000, -23.00000,
,,,0.000011050000, -23.00000,
,,,0.000011060000, -23.00000,
,,,0.000011070000, -23.00000,
,,,0.000011080000, -23.00000,
,,,0.000011090000, -23.00000,
,,,0.000011100000, -23.00000,
,,,0.000011110000, -23.00000,
,,,0.000011120000, -23.00000,
,,,0.000011130000, -23.00000,
,,,0.000011140000, -23.00000,
,,,0.000011150000, -23.00000,
,,,0.000011160000, -23.00000,
,,,0.000011170000, -23.00000,
,,,0.000011180000, -23.00000,
,,,0.000011190000, -23.00000,
,,,0.000011200000, -23.00000,
,,,0.000011210000, -23.00000,
,,,0.000011220000, -23.00000,
,,,0.000011230000, -23.00000,
,,,0.000011240000, -23.00000,
,,,0.000011250000, -23.00000,
,,,0.000011260000, -23.00000,
,,,0.000011270000, -23.00000,
,,,0.000011280000, -23.00000,
,,,0.000011290000, -23.00000,
,,,0.000011300000, -23.00000,
,,,0.000011310000, -23.00000,
,,,0.000011320000, -23.00000,
,,,0.000011330000, -23.00000,
,,,0.000011340000, -23.00000,
,,,0.000011350000, -23.00000,
,,,0.000011360000, -23.00000,
,,,0.000011370000, -23.00000,
,,,0.000011380000, -23.00000,
,,,0.000011390000, -23.00000,
,,,0.000011400000, -23.00000,
,,,0.000011410000, -23.00000,
,,,0.000011420000, -23.00000,
,,,0.000011430000, -23.00000,
,,,0.000011440000, -23.00000,
,,,0.000011450000, -23.00000,
,,,0.000011460000, -23.00000,
,,,0.000011470000, -23.00000,
,,,0.000011480000, -23.00000,
,,,0.000011490000, -23.00000,
,,,0.000011500000, -23.00000,
,,,0.000011510000, -23.00000,
,,,0.000011520000, -23.00000,
,,,0.000011530000, -23.00000,
,,,0.000011540000, -23.00000,
,,,0.000011550000, -23.00000,
,,,0.000011560000, -23.00000,
,,,0.000011570000, -23.00000,
,,,0.000011580000, -23.00000,
,,,0.000011590000, -23.00000,
,,,0.000011600000, -23.00000,
,,,0.000011610000, -23.00000,
,,,0.000011620000, -23.00000,
,,,0.000011630000, -23.00000,
,,,0.000011640000, -23.00000,
,,,0.000011650000, -23.00000,
,,,0.000011660000, -23.00000,
,,,0.000011670000, -23.00000,
,,,0.000011680000, -23.00000,
,,,0.000011690000, -23.00000,
,,,0.000011700000, -23.00000,
,,,0.000011710000, -23.00000,
,,,0.000011720000, -23.00000,
,,,0.000011730000, -23.00000,
,,,0.000011740000, -23.00000,
,,,0.000011750000, -23.00000,
,,,0.000011760000, -23.00000,
,,,0.000011770000, -23.00000,
,,,0.000011780000, -23.00000,
,,,0.000011790000, -23.00000,
,,,0.000011800000, -23.00000,
,,,0.000011810000, -23.00000,
,,,0.000011820000, -23.00000,
,,,0.000011830000, -23.00000,
,,,0.000011840000, -23.00000,
,,,0.000011850000, -23.00000,
,,,0.000011860000, -23.00000,
,,,0.000011870000, -23.00000,
,,,0.000011880000, -23.00000,
,,,0.000011890000, -23.00000,
,,,0.000011900000, -23.00000,
,,,0.000011910000, -23.00000,
,,,0.000011920000, -23.00000,
,,,0.000011930000, -23.00000,
,,,0.000011940000, -23.00000,
,,,0.000011950000, -23.00000,
,,,0.000011960000, -23.00000,
,,,0.000011970000, -23.00000,
,,,0.000011980000, -23.00000,
,,,0.000011990000, -23.00000,
,,,0.000012000000, -23.00000,
,,,0.000012010000, -23.00000,
,,,0.000012020000, -23.00000,
,,,0.000012030000, -23.00000,
,,,0.000012040000, -23.00000,
,,,0.000012050000, -23.00000,
,,,0.000012060000, -23.00000,
,,,0.000012070000, -23.00000,
,,,0.000012080000, -23.00000,
,,,0.000012090000, -23.00000,
,,,0.000012100000, -23.00000,
,,,0.000012110000, -23.00000,
,,,0.000012120000, -23.00000,
,,,0.000012130000, -23.00000,
,,,0.000012140000, -23.00000,
,,,0.000012150000, -23.00000,
,,,0.000012160000, -23.00000,
,,,0.000012170000, -23.00000,
,,,0.000012180000, -23.00000,
,,,0.000012190000, -23.00000,
,,,0.000012200000, -23.00000,
,,,0.000012210000, -23.00000,
,,,0.000012220000, -23.00000,
,,,0.000012230000, -23.00000,
,,,0.000012240000, -23.00000,
,,,0.000012250000, -23.00000,
,,,0.000012260000, -23.00000,
,,,0.000012270000, -23.00000,
,,,0.000012280000, -23.00000,
,,,0.000012290000, -23.00000,
,,,0.000012300000, -23.00000,
,,,0.000012310000, -23.00000,
,,,0.000012320000, -23.00000,
,,,0.000012330000, -23.00000,
,,,0.000012340000, -23.00000,
,,,0.000012350000, -23.00000,
,,,0.000012360000, -23.00000,
,,,0.000012370000, -23.00000,
,,,0.000012380000, -23.00000,
,,,0.000012390000, -23.00000,
,,,0.000012400000, -23.00000,
,,,0.000012410000, -23.00000,
,,,0.000012420000, -23.00000,
,,,0.000012430000, -23.00000,
,,,0.000012440000, -23.00000,
,,,0.000012450000, -23.00000,
,,,0.000012460000, -23.00000,
,,,0.000012470000, -23.00000,
,,,0.000012480000, -23.00000,
,,,0.000012490000, -23.00000,
,,,0.000012500000, -23.00000,
,,,0.000012510000, -23.00000,
,,,0.000012520000, -23.00000,
,,,0.000012530000, -23.00000,
,,,0.000012540000, -23.00000,
,,,0.000012550000, -23.00000,
,,,0.000012560000, -23.00000,
,,,0.000012570000, -23.00000,
,,,0.000012580000, -23.00000,
,,,0.000012590000, -23.00000,
,,,0.000012600000, -23.00000,
,,,0.000012610000, -23.00000,
,,,0.000012620000, -23.00000,
,,,0.000012630000, -23.00000,
,,,0.000012640000, -23.00000,
,,,0.000012650000, -23.00000,
,,,0.000012660000, -23.00000,
,,,0.000012670000, -23.00000,
,,,0.000012680000, -23.00000,
,,,0.000012690000, -23.00000,
,,,0.000012700000, -23.00000,
,,,0.000012710000, -23.00000,
,,,0.000012720000, -23.00000,
,,,0.000012730000, -23.00000,
,,,0.000012740000, -23.00000,
,,,0.000012750000, -23.00000,
,,,0.000012760000, -23.00000,
,,,0.000012770000, -23.00000,
,,,0.000012780000, -23.00000,
,,,0.000012790000, -23.00000,
,,,0.000012800000, -23.00000,
,,,0.000012810000, -23.00000,
,,,0.000012820000, -23.00000,
,,,0.000012830000, -23.00000,
,,,0.000012840000, -23.00000,
,,,0.000012850000, -23.00000,
,,,0.000012860000, -23.00000,
,,,0.000012870000, -23.00000,
,,,0.000012880000, -23.00000,
,,,0.000012890000, -23.00000,
,,,0.000012900000, -23.00000,
,,,0.000012910000, -23.00000,
,,,0.000012920000, -23.00000,
,,,0.000012930000, -23.00000,
,,,0.000012940000, -23.00000,
,,,0.000012950000, -23.00000,
,,,0.000012960000, -23.00000,
,,,0.000012970000, -23.00000,
,,,0.000012980000, -23.00000,
,,,0.000012990000, -23.00000,
,,,0.000013000000, -23.00000,
,,,0.000013010000, -23.00000,
,,,0.000013020000, -23.00000,
,,,0.000013030000, -23.00000,
,,,0.000013040000, -23.00000,
,,,0.000013050000, -23.00000,
,,,0.000013060000, -23.00000,
,,,0.000013070000, -23.00000,
,,,0.000013080000, -23.00000,
,,,0.000013090000, -23.00000,
,,,0.000013100000, -23.00000,
,,,0.000013110000, -23.00000,
,,,0.000013120000, -23.00000,
,,,0.000013130000, -23.00000,
,,,0.000013140000, -23.00000,
,,,0.000013150000, -23.00000,
,,,0.000013160000, -23.00000,
,,,0.000013170000, -23.00000,
,,,0.000013180000, -23.00000,
,,,0.000013190000, -23.00000,
,,,0.000013200000, -23.00000,
,,,0.000013210000, -23.00000,
,,,0.000013220000, -23.00000,
,,,0.000013230000, -23.00000,
,,,0.000013240000, -23.00000,
,,,0.000013250000, -23.00000,
,,,0.000013260000, -23.00000,
,,,0.000013270000, -23.00000,
,,,0.000013280000, -23.00000,
,,,0.000013290000, -23.00000,
,,,0.000013300000, -23.00000,
,,,0.000013310000, -23.00000,
,,,0.000013320000, -23.00000,
,,,0.000013330000, -23.00000,
,,,0.000013340000, -23.00000,
,,,0.000013350000, -23.00000,
,,,0.000013360000, -23.00000,
,,,0.000013370000, -23.00000,
,,,0.000013380000, -23.00000,
,,,0.000013390000, -23.00000,
,,,0.000013400000, -23.00000,
,,,0.000013410000, -23.00000,
,,,0.000013420000, -23.00000,
,,,0.000013430000, -23.00000,
,,,0.000013440000, -23.00000,
,,,0.000013450000, -23.00000,
,,,0.000013460000, -23.00000,
,,,0.000013470000, -23.00000,
,,,0.000013480000, -23.00000,
,,,0.000013490000, -23.00000,
,,,0.000013500000, -23.00000,
,,,0.000013510000, -23.00000,
,,,0.000013520000, -23.00000,
,,,0.000013530000, -23.00000,
,,,0.000013540000, -23.00000,
,,,0.000013550000, -23.00000,
,,,0.000013560000, -23.00000,
,,,0.000013570000, -23.00000,
,,,0.000013580000, -23.00000,
,,,0.000013590000, -23.00000,
,,,0.000013600000, -23.00000,
,,,0.000013610000, -23.00000,
,,,0.000013620000, -23.00000,
,,,0.000013630000, -23.00000,
,,,0.000013640000, -23.00000,
,,,0.000013650000, -23.00000,
,,,0.000013660000, -23.00000,
,,,0.000013670000, -23.00000,
,,,0.000013680000, -23.00000,
,,,0.000013690000, -23.00000,
,,,0.000013700000, -23.00000,
,,,0.000013710000, -23.00000,
,,,0.000013720000, -23.00000,
,,,0.000013730000, -23.00000,
,,,0.000013740000, -23.00000,
,,,0.000013750000, -23.00000,
,,,0.000013760000, -23.00000,
,,,0.000013770000, -23.00000,
,,,0.000013780000, -23.00000,
,,,0.000013790000, -23.00000,
,,,0.000013800000, -23.00000,
,,,0.000013810000, -23.00000,
,,,0.000013820000, -23.00000,
,,,0.000013830000, -23.00000,
,,,0.000013840000, -23.00000,
,,,0.000013850000, -23.00000,
,,,0.000013860000, -23.00000,
,,,0.000013870000, -23.00000,
,,,0.000013880000, -23.00000,
,,,0.000013890000, -23.00000,
,,,0.000013900000, -23.00000,
,,,0.000013910000, -23.00000,
,,,0.000013920000, -23.00000,
,,,0.000013930000, -23.00000,
,,,0.000013940000, -23.00000,
,,,0.000013950000, -23.00000,
,,,0.000013960000, -23.00000,
,,,0.000013970000, -23.00000,
,,,0.000013980000, -23.00000,
,,,0.000013990000, -23.00000,
,,,0.000014000000, -23.00000,
,,,0.000014010000, -23.00000,
,,,0.000014020000, -23.00000,
,,,0.000014030000, -23.00000,
,,,0.000014040000, -23.00000,
,,,0.000014050000, -23.00000,
,,,0.000014060000, -23.00000,
,,,0.000014070000, -23.00000,
,,,0.000014080000, -23.00000,
,,,0.000014090000, -23.00000,
,,,0.000014100000, -23.00000,
,,,0.000014110000, -23.00000,
,,,0.000014120000, -23.00000,
,,,0.000014130000, -23.00000,
,,,0.000014140000, -23.00000,
,,,0.000014150000, -23.00000,
,,,0.000014160000, -23.00000,
,,,0.000014170000, -23.00000,
,,,0.000014180000, -23.00000,
,,,0.000014190000, -23.00000,
,,,0.000014200000, -23.00000,
,,,0.000014210000, -23.00000,
,,,0.000014220000, -23.00000,
,,,0.000014230000, -23.00000,
,,,0.000014240000, -23.00000,
,,,0.000014250000, -23.00000,
,,,0.000014260000, -23.00000,
,,,0.000014270000, -23.00000,
,,,0.000014280000, -23.00000,
,,,0.000014290000, -23.00000,
,,,0.000014300000, -23.00000,
,,,0.000014310000, -23.00000,
,,,0.000014320000, -23.00000,
,,,0.000014330000, -23.00000,
,,,0.000014340000, -23.00000,
,,,0.000014350000, -23.00000,
,,,0.000014360000, -23.00000,
,,,0.000014370000, -23.00000,
,,,0.000014380000, -23.00000,
,,,0.000014390000, -23.00000,
,,,0.000014400000, -23.00000,
,,,0.000014410000, -23.00000,
,,,0.000014420000, -23.00000,
,,,0.000014430000, -23.00000,
,,,0.000014440000, -23.00000,
,,,0.000014450000, -23.00000,
,,,0.000014460000, -23.00000,
,,,0.000014470000, -23.00000,
,,,0.000014480000, -23.00000,
,,,0.000014490000, -23.00000,
,,,0.000014500000, -23.00000,
,,,0.000014510000, -23.00000,
,,,0.000014520000, -23.00000,
,,,0.000014530000, -23.00000,
,,,0.000014540000, -23.00000,
,,,0.000014550000, -23.00000,
,,,0.000014560000, -23.00000,
,,,0.000014570000, -23.00000,
,,,0.000014580000, -23.00000,
,,,0.000014590000, -23.00000,
,,,0.000014600000, -23.00000,
,,,0.000014610000, -23.00000,
,,,0.000014620000, -23.00000,
,,,0.000014630000, -23.00000,
,,,0.000014640000, -23.00000,
,,,0.000014650000, -23.00000,
,,,0.000014660000, -23.00000,
,,,0.000014670000, -23.00000,
,,,0.000014680000, -23.00000,
,,,0.000014690000, -23.00000,
,,,0.000014700000, -23.00000,
,,,0.000014710000, -23.00000,
,,,0.000014720000, -23.00000,
,,,0.000014730000, -23.00000,
,,,0.000014740000, -23.00000,
,,,0.000014750000, -23.00000,
,,,0.000014760000, -23.00000,
,,,0.000014770000, -23.00000,
,,,0.000014780000, -23.00000,
,,,0.000014790000, -23.00000,
,,,0.000014800000, -23.00000,
,,,0.000014810000, -23.00000,
,,,0.000014820000, -23.00000,
,,,0.000014830000, -23.00000,
,,,0.000014840000, -23.00000,
,,,0.000014850000, -23.00000,
,,,0.000014860000, -23.00000,
,,,0.000014870000, -23.00000,
,,,0.000014880000, -23.00000,
,,,0.000014890000, -23.00000,
,,,0.000014900000, -23.00000,
,,,0.000014910000, -23.00000,
,,,0.000014920000, -23.00000,
,,,0.000014930000, -23.00000,
,,,0.000014940000, -23.00000,
,,,0.000014950000, -23.00000,
,,,0.000014960000, -23.00000,
,,,0.000014970000, -23.00000,
,,,0.000014980000, -23.00000,
,,,0.000014990000, -23.00000,
,,,0.000015000000, -23.00000,
,,,0.000015010000, -23.00000,
,,,0.000015020000, -23.00000,
,,,0.000015030000, -23.00000,
,,,0.000015040000, -23.00000,
,,,0.000015050000, -23.00000,
,,,0.000015060000, -23.00000,
,,,0.000015070000, -23.00000,
,,,0.000015080000, -23.00000,
,,,0.000015090000, -23.00000,
,,,0.000015100000, -23.00000,
,,,0.000015110000, -23.00000,
,,,0.000015120000, -23.00000,
,,,0.000015130000, -23.00000,
,,,0.000015140000, -23.00000,
,,,0.000015150000, -23.00000,
,,,0.000015160000, -23.00000,
,,,0.000015170000, -23.00000,
,,,0.000015180000, -23.00000,
,,,0.000015190000, -23.00000,
,,,0.000015200000, -23.00000,
,,,0.000015210000, -23.00000,
,,,0.000015220000, -23.00000,
,,,0.000015230000, -23.00000,
,,,0.000015240000, -23.00000,
,,,0.000015250000, -23.00000,
,,,0.000015260000, -23.00000,
,,,0.000015270000, -23.00000,
,,,0.000015280000, -23.00000,
,,,0.000015290000, -23.00000,
,,,0.000015300000, -23.00000,
,,,0.000015310000, -23.00000,
,,,0.000015320000, -23.00000,
,,,0.000015330000, -23.00000,
,,,0.000015340000, -23.00000,
,,,0.000015350000, -23.00000,
,,,0.000015360000, -23.00000,
,,,0.000015370000, -23.00000,
,,,0.000015380000, -23.00000,
,,,0.000015390000, -23.00000,
,,,0.000015400000, -23.00000,
,,,0.000015410000, -23.00000,
,,,0.000015420000, -23.00000,
,,,0.000015430000, -23.00000,
,,,0.000015440000, -23.00000,
,,,0.000015450000, -23.00000,
,,,0.000015460000, -23.00000,
,,,0.000015470000, -23.00000,
,,,0.000015480000, -23.00000,
,,,0.000015490000, -23.00000,
,,,0.000015500000, -23.00000,
,,,0.000015510000, -23.00000,
,,,0.000015520000, -23.00000,
,,,0.000015530000, -23.00000,
,,,0.000015540000, -23.00000,
,,,0.000015550000, -23.00000,
,,,0.000015560000, -23.00000,
,,,0.000015570000, -23.00000,
,,,0.000015580000, -23.00000,
,,,0.000015590000, -23.00000,
,,,0.000015600000, -23.00000,
,,,0.000015610000, -23.00000,
,,,0.000015620000, -23.00000,
,,,0.000015630000, -23.00000,
,,,0.000015640000, -23.00000,
,,,0.000015650000, -23.00000,
,,,0.000015660000, -23.00000,
,,,0.000015670000, -23.00000,
,,,0.000015680000, -23.00000,
,,,0.000015690000, -23.00000,
,,,0.000015700000, -23.00000,
,,,0.000015710000, -23.00000,
,,,0.000015720000, -23.00000,
,,,0.000015730000, -23.00000,
,,,0.000015740000, -23.00000,
,,,0.000015750000, -23.00000,
,,,0.000015760000, -23.00000,
,,,0.000015770000, -23.00000,
,,,0.000015780000, -23.00000,
,,,0.000015790000, -23.00000,
,,,0.000015800000, -23.00000,
,,,0.000015810000, -23.00000,
,,,0.000015820000, -23.00000,
,,,0.000015830000, -23.00000,
,,,0.000015840000, -23.00000,
,,,0.000015850000, -23.00000,
,,,0.000015860000, -23.00000,
,,,0.000015870000, -23.00000,
,,,0.000015880000, -23.00000,
,,,0.000015890000, -23.00000,
,,,0.000015900000, -23.00000,
,,,0.000015910000, -23.00000,
,,,0.000015920000, -23.00000,
,,,0.000015930000, -23.00000,
,,,0.000015940000, -23.00000,
,,,0.000015950000, -23.00000,
,,,0.000015960000, -23.00000,
,,,0.000015970000, -23.00000,
,,,0.000015980000, -23.00000,
,,,0.000015990000, -23.00000,
,,,0.000016000000, -23.00000,
,,,0.000016010000, -23.00000,
,,,0.000016020000, -23.00000,
,,,0.000016030000, -23.00000,
,,,0.000016040000, -23.00000,
,,,0.000016050000, -23.00000,
,,,0.000016060000, -23.00000,
,,,0.000016070000, -23.00000,
,,,0.000016080000, -23.00000,
,,,0.000016090000, -23.00000,
,,,0.000016100000, -23.00000,
,,,0.000016110000, -23.00000,
,,,0.000016120000, -23.00000,
,,,0.000016130000, -23.00000,
,,,0.000016140000, -23.00000,
,,,0.000016150000, -23.00000,
,,,0.000016160000, -23.00000,
,,,0.000016170000, -23.00000,
,,,0.000016180000, -23.00000,
,,,0.000016190000, -23.00000,
,,,0.000016200000, -23.00000,
,,,0.000016210000, -23.00000,
,,,0.000016220000, -23.00000,
,,,0.000016230000, -23.00000,
,,,0.000016240000, -23.00000,
,,,0.000016250000, -23.00000,
,,,0.000016260000, -23.00000,
,,,0.000016270000, -23.00000,
,,,0.000016280000, -23.00000,
,,,0.000016290000, -23.00000,
,,,0.000016300000, -23.00000,
,,,0.000016310000, -23.00000,
,,,0.000016320000, -23.00000,
,,,0.000016330000, -23.00000,
,,,0.000016340000, -23.00000,
,,,0.000016350000, -23.00000,
,,,0.000016360000, -23.00000,
,,,0.000016370000, -23.00000,
,,,0.000016380000, -23.00000,
,,,0.000016390000, -23.00000,
,,,0.000016400000, -23.00000,
,,,0.000016410000, -23.00000,
,,,0.000016420000, -23.00000,
,,,0.000016430000, -23.00000,
,,,0.000016440000, -23.00000,
,,,0.000016450000, -23.00000,
,,,0.000016460000, -23.00000,
,,,0.000016470000, -23.00000,
,,,0.000016480000, -23.00000,
,,,0.000016490000, -23.00000,
,,,0.000016500000, -23.00000,
,,,0.000016510000, -23.00000,
,,,0.000016520000, -23.00000,
,,,0.000016530000, -23.00000,
,,,0.000016540000, -23.00000,
,,,0.000016550000, -23.00000,
,,,0.000016560000, -23.00000,
,,,0.000016570000, -23.00000,
,,,0.000016580000, -23.00000,
,,,0.000016590000, -23.00000,
,,,0.000016600000, -23.00000,
,,,0.000016610000, -23.00000,
,,,0.000016620000, -23.00000,
,,,0.000016630000, -23.00000,
,,,0.000016640000, -23.00000,
,,,0.000016650000, -23.00000,
,,,0.000016660000, -23.00000,
,,,0.000016670000, -23.00000,
,,,0.000016680000, -23.00000,
,,,0.000016690000, -23.00000,
,,,0.000016700000, -23.00000,
,,,0.000016710000, -23.00000,
,,,0.000016720000, -23.00000,
,,,0.000016730000, -23.00000,
,,,0.000016740000, -23.00000,
,,,0.000016750000, -23.00000,
,,,0.000016760000, -23.00000,
,,,0.000016770000, -23.00000,
,,,0.000016780000, -23.00000,
,,,0.000016790000, -23.00000,
,,,0.000016800000, -23.00000,
,,,0.000016810000, -23.00000,
,,,0.000016820000, -23.00000,
,,,0.000016830000, -23.00000,
,,,0.000016840000, -23.00000,
,,,0.000016850000, -23.00000,
,,,0.000016860000, -23.00000,
,,,0.000016870000, -23.00000,
,,,0.000016880000, -23.00000,
,,,0.000016890000, -23.00000,
,,,0.000016900000, -23.00000,
,,,0.000016910000, -23.00000,
,,,0.000016920000, -23.00000,
,,,0.000016930000, -23.00000,
,,,0.000016940000, -23.00000,
,,,0.000016950000, -23.00000,
,,,0.000016960000, -23.00000,
,,,0.000016970000, -23.00000,
,,,0.000016980000, -23.00000,
,,,0.000016990000, -23.00000,
,,,0.000017000000, -23.00000,
,,,0.000017010000, -23.00000,
,,,0.000017020000, -23.00000,
,,,0.000017030000, -23.00000,
,,,0.000017040000, -23.00000,
,,,0.000017050000, -23.00000,
,,,0.000017060000, -23.00000,
,,,0.000017070000, -23.00000,
,,,0.000017080000, -23.00000,
,,,0.000017090000, -23.00000,
,,,0.000017100000, -23.00000,
,,,0.000017110000, -23.00000,
,,,0.000017120000, -23.00000,
,,,0.000017130000, -23.00000,
,,,0.000017140000, -23.00000,
,,,0.000017150000, -23.00000,
,,,0.000017160000, -23.00000,
,,,0.000017170000, -23.00000,
,,,0.000017180000, -23.00000,
,,,0.000017190000, -23.00000,
,,,0.000017200000, -23.00000,
,,,0.000017210000, -23.00000,
,,,0.000017220000, -23.00000,
,,,0.000017230000, -23.00000,
,,,0.000017240000, -23.00000,
,,,0.000017250000, -23.00000,
,,,0.000017260000, -23.00000,
,,,0.000017270000, -23.00000,
,,,0.000017280000, -23.00000,
,,,0.000017290000, -23.00000,
,,,0.000017300000, -23.00000,
,,,0.000017310000, -23.00000,
,,,0.000017320000, -23.00000,
,,,0.000017330000, -23.00000,
,,,0.000017340000, -23.00000,
,,,0.000017350000, -23.00000,
,,,0.000017360000, -23.00000,
,,,0.000017370000, -23.00000,
,,,0.000017380000, -23.00000,
,,,0.000017390000, -23.00000,
,,,0.000017400000, -23.00000,
,,,0.000017410000, -23.00000,
,,,0.000017420000, -23.00000,
,,,0.000017430000, -23.00000,
,,,0.000017440000, -23.00000,
,,,0.000017450000, -23.00000,
,,,0.000017460000, -23.00000,
,,,0.000017470000, -23.00000,
,,,0.000017480000, -23.00000,
,,,0.000017490000, -23.00000,
,,,0.000017500000, -23.00000,
,,,0.000017510000, -23.00000,
,,,0.000017520000, -23.00000,
,,,0.000017530000, -23.00000,
,,,0.000017540000, -23.00000,
,,,0.000017550000, -23.00000,
,,,0.000017560000, -23.00000,
,,,0.000017570000, -23.00000,
,,,0.000017580000, -23.00000,
,,,0.000017590000, -23.00000,
,,,0.000017600000, -23.00000,
,,,0.000017610000, -23.00000,
,,,0.000017620000, -23.00000,
,,,0.000017630000, -23.00000,
,,,0.000017640000, -23.00000,
,,,0.000017650000, -23.00000,
,,,0.000017660000, -23.00000,
,,,0.000017670000, -23.00000,
,,,0.000017680000, -23.00000,
,,,0.000017690000, -23.00000,
,,,0.000017700000, -23.00000,
,,,0.000017710000, -23.00000,
,,,0.000017720000, -23.00000,
,,,0.000017730000, -23.00000,
,,,0.000017740000, -23.00000,
,,,0.000017750000, -23.00000,
,,,0.000017760000, -23.00000,
,,,0.000017770000, -23.00000,
,,,0.000017780000, -23.00000,
,,,0.000017790000, -23.00000,
,,,0.000017800000, -23.00000,
,,,0.000017810000, -23.00000,
,,,0.000017820000, -23.00000,
,,,0.000017830000, -23.00000,
,,,0.000017840000, -23.00000,
,,,0.000017850000, -23.00000,
,,,0.000017860000, -23.00000,
,,,0.000017870000, -23.00000,
,,,0.000017880000, -23.00000,
,,,0.000017890000, -23.00000,
,,,0.000017900000, -23.00000,
,,,0.000017910000, -23.00000,
,,,0.000017920000, -23.00000,
,,,0.000017930000, -23.00000,
,,,0.000017940000, -23.00000,
,,,0.000017950000, -23.00000,
,,,0.000017960000, -23.00000,
,,,0.000017970000, -23.00000,
,,,0.000017980000, -23.00000,
,,,0.000017990000, -23.00000,
,,,0.000018000000, -23.00000,
,,,0.000018010000, -23.00000,
,,,0.000018020000, -23.00000,
,,,0.000018030000, -23.00000,
,,,0.000018040000, -23.00000,
,,,0.000018050000, -23.00000,
,,,0.000018060000, -23.00000,
,,,0.000018070000, -23.00000,
,,,0.000018080000, -23.00000,
,,,0.000018090000, -23.00000,
,,,0.000018100000, -23.00000,
,,,0.000018110000, -23.00000,
,,,0.000018120000, -23.00000,
,,,0.000018130000, -23.00000,
,,,0.000018140000, -23.00000,
,,,0.000018150000, -23.00000,
,,,0.000018160000, -23.00000,
,,,0.000018170000, -23.00000,
,,,0.000018180000, -23.00000,
,,,0.000018190000, -23.00000,
,,,0.000018200000, -23.00000,
,,,0.000018210000, -23.00000,
,,,0.000018220000, -23.00000,
,,,0.000018230000, -23.00000,
,,,0.000018240000, -23.00000,
,,,0.000018250000, -23.00000,
,,,0.000018260000, -23.00000,
,,,0.000018270000, -23.00000,
,,,0.000018280000, -23.00000,
,,,0.000018290000, -23.00000,
,,,0.000018300000, -23.00000,
,,,0.000018310000, -23.00000,
,,,0.000018320000, -23.00000,
,,,0.000018330000, -23.00000,
,,,0.000018340000, -23.00000,
,,,0.000018350000, -23.00000,
,,,0.000018360000, -23.00000,
,,,0.000018370000, -23.00000,
,,,0.000018380000, -23.00000,
,,,0.000018390000, -23.00000,
,,,0.000018400000, -23.00000,
,,,0.000018410000, -23.00000,
,,,0.000018420000, -23.00000,
,,,0.000018430000, -23.00000,
,,,0.000018440000, -23.00000,
,,,0.000018450000, -23.00000,
,,,0.000018460000, -23.00000,
,,,0.000018470000, -23.00000,
,,,0.000018480000, -23.00000,
,,,0.000018490000, -23.00000,
,,,0.000018500000, -23.00000,
,,,0.000018510000, -23.00000,
,,,0.000018520000, -23.00000,
,,,0.000018530000, -23.00000,
,,,0.000018540000, -23.00000,
,,,0.000018550000, -23.00000,
,,,0.000018560000, -23.00000,
,,,0.000018570000, -23.00000,
,,,0.000018580000, -23.00000,
,,,0.000018590000, -23.00000,
,,,0.000018600000, -23.00000,
,,,0.000018610000, -23.00000,
,,,0.000018620000, -23.00000,
,,,0.000018630000, -23.00000,
,,,0.000018640000, -23.00000,
,,,0.000018650000, -23.00000,
,,,0.000018660000, -23.00000,
,,,0.000018670000, -23.00000,
,,,0.000018680000, -23.00000,
,,,0.000018690000, -23.00000,
,,,0.000018700000, -23.00000,
,,,0.000018710000, -23.00000,
,,,0.000018720000, -23.00000,
,,,0.000018730000, -23.00000,
,,,0.000018740000, -23.00000,
,,,0.000018750000, -23.00000,
,,,0.000018760000, -23.00000,
,,,0.000018770000, -23.00000,
,,,0.000018780000, -23.00000,
,,,0.000018790000, -23.00000,
,,,0.000018800000, -23.00000,
,,,0.000018810000, -23.00000,
,,,0.000018820000, -23.00000,
,,,0.000018830000, -23.00000,
,,,0.000018840000, -23.00000,
,,,0.000018850000, -23.00000,
,,,0.000018860000, -23.00000,
,,,0.000018870000, -23.00000,
,,,0.000018880000, -23.00000,
,,,0.000018890000, -23.00000,
,,,0.000018900000, -23.00000,
,,,0.000018910000, -23.00000,
,,,0.000018920000, -23.00000,
,,,0.000018930000, -23.00000,
,,,0.000018940000, -23.00000,
,,,0.000018950000, -23.00000,
,,,0.000018960000, -23.00000,
,,,0.000018970000, -23.00000,
,,,0.000018980000, -23.00000,
,,,0.000018990000, -23.00000,
,,,0.000019000000, -23.00000,
,,,0.000019010000, -23.00000,
,,,0.000019020000, -23.00000,
,,,0.000019030000, -23.00000,
,,,0.000019040000, -23.00000,
,,,0.000019050000, -23.00000,
,,,0.000019060000, -23.00000,
,,,0.000019070000, -23.00000,
,,,0.000019080000, -23.00000,
,,,0.000019090000, -23.00000,
,,,0.000019100000, -23.00000,
,,,0.000019110000, -23.00000,
,,,0.000019120000, -23.00000,
,,,0.000019130000, -23.00000,
,,,0.000019140000, -23.00000,
,,,0.000019150000, -23.00000,
,,,0.000019160000, -23.00000,
,,,0.000019170000, -23.00000,
,,,0.000019180000, -23.00000,
,,,0.000019190000, -23.00000,
,,,0.000019200000, -23.00000,
,,,0.000019210000, -23.00000,
,,,0.000019220000, -23.00000,
,,,0.000019230000, -23.00000,
,,,0.000019240000, -23.00000,
,,,0.000019250000, -23.00000,
,,,0.000019260000, -23.00000,
,,,0.000019270000, -23.00000,
,,,0.000019280000, -23.00000,
,,,0.000019290000, -23.00000,
,,,0.000019300000, -23.00000,
,,,0.000019310000, -23.00000,
,,,0.000019320000, -23.00000,
,,,0.000019330000, -23.00000,
,,,0.000019340000, -23.00000,
,,,0.000019350000, -23.00000,
,,,0.000019360000, -23.00000,
,,,0.000019370000, -23.00000,
,,,0.000019380000, -23.00000,
,,,0.000019390000, -23.00000,
,,,0.000019400000, -23.00000,
,,,0.000019410000, -23.00000,
,,,0.000019420000, -23.00000,
,,,0.000019430000, -23.00000,
,,,0.000019440000, -23.00000,
,,,0.000019450000, -23.00000,
,,,0.000019460000, -23.00000,
,,,0.000019470000, -23.00000,
,,,0.000019480000, -23.00000,
,,,0.000019490000, -23.00000,
,,,0.000019500000, -23.00000,
,,,0.000019510000, -23.00000,
,,,0.000019520000, -23.00000,
,,,0.000019530000, -23.00000,
,,,0.000019540000, -23.00000,
,,,0.000019550000, -23.00000,
,,,0.000019560000, -23.00000,
,,,0.000019570000, -23.00000,
,,,0.000019580000, -23.00000,
,,,0.000019590000, -23.00000,
,,,0.000019600000, -23.00000,
,,,0.000019610000, -23.00000,
,,,0.000019620000, -23.00000,
,,,0.000019630000, -23.00000,
,,,0.000019640000, -23.00000,
,,,0.000019650000, -23.00000,
,,,0.000019660000, -23.00000,
,,,0.000019670000, -23.00000,
,,,0.000019680000, -23.00000,
,,,0.000019690000, -23.00000,
,,,0.000019700000, -23.00000,
,,,0.000019710000, -23.00000,
,,,0.000019720000, -23.00000,
,,,0.000019730000, -23.00000,
,,,0.000019740000, -23.00000,
,,,0.000019750000, -23.00000,
,,,0.000019760000, -23.00000,
,,,0.000019770000, -23.00000,
,,,0.000019780000, -23.00000,
,,,0.000019790000, -23.00000,
,,,0.000019800000, -23.00000,
,,,0.000019810000, -23.00000,
,,,0.000019820000, -23.00000,
,,,0.000019830000, -23.00000,
,,,0.000019840000, -23.00000,
,,,0.000019850000, -23.00000,
,,,0.000019860000, -23.00000,
,,,0.000019870000, -23.00000,
,,,0.000019880000, -23.00000,
,,,0.000019890000, -23.00000,
,,,0.000019900000, -23.00000,
,,,0.000019910000, -23.00000,
,,,0.000019920000, -23.00000,
,,,0.000019930000, -23.00000,
,,,0.000019940000, -23.00000,
,,,0.000019950000, -23.00000,
,,,0.000019960000, -23.00000,
,,,0.000019970000, -23.00000,
,,,0.000019980000, -23.00000,
,,,0.000019990000, -23.00000,
,,,0.000020000000, -23.00000,
,,,0.000020010000, -23.00000,
,,,0.000020020000, -23.00000,
,,,0.000020030000, -23.00000,
,,,0.000020040000, -23.00000,
,,,0.000020050000, -23.00000,
,,,0.000020060000, -23.00000,
,,,0.000020070000, -23.00000,
,,,0.000020080000, -23.00000,
,,,0.000020090000, -23.00000,
,,,0.000020100000, -23.00000,
,,,0.000020110000, -23.00000,
,,,0.000020120000, -23.00000,
,,,0.000020130000, -23.00000,
,,,0.000020140000, -23.00000,
,,,0.000020150000, -23.00000,
,,,0.000020160000, -23.00000,
,,,0.000020170000, -23.00000,
,,,0.000020180000, -23.00000,
,,,0.000020190000, -23.00000,
,,,0.000020200000, -23.00000,
,,,0.000020210000, -23.00000,
,,,0.000020220000, -23.00000,
,,,0.000020230000, -23.00000,
,,,0.000020240000, -23.00000,
,,,0.000020250000, -23.00000,
,,,0.000020260000, -23.00000,
,,,0.000020270000, -23.00000,
,,,0.000020280000, -23.00000,
,,,0.000020290000, -23.00000,
,,,0.000020300000, -23.00000,
,,,0.000020310000, -23.00000,
,,,0.000020320000, -23.00000,
,,,0.000020330000, -23.00000,
,,,0.000020340000, -23.00000,
,,,0.000020350000, -23.00000,
,,,0.000020360000, -23.00000,
,,,0.000020370000, -23.00000,
,,,0.000020380000, -23.00000,
,,,0.000020390000, -23.00000,
,,,0.000020400000, -23.00000,
,,,0.000020410000, -23.00000,
,,,0.000020420000, -23.00000,
,,,0.000020430000, -23.00000,
,,,0.000020440000, -23.00000,
,,,0.000020450000, -23.00000,
,,,0.000020460000, -23.00000,
,,,0.000020470000, -23.00000,
,,,0.000020480000, -23.00000,
,,,0.000020490000, -23.00000,
,,,0.000020500000, -23.00000,
,,,0.000020510000, -23.00000,
,,,0.000020520000, -23.00000,
,,,0.000020530000, -23.00000,
,,,0.000020540000, -23.00000,
,,,0.000020550000, -23.00000,
,,,0.000020560000, -23.00000,
,,,0.000020570000, -23.00000,
,,,0.000020580000, -23.00000,
,,,0.000020590000, -23.00000,
,,,0.000020600000, -23.00000,
,,,0.000020610000, -23.00000,
,,,0.000020620000, -23.00000,
,,,0.000020630000, -23.00000,
,,,0.000020640000, -23.00000,
,,,0.000020650000, -23.00000,
,,,0.000020660000, -23.00000,
,,,0.000020670000, -23.00000,
,,,0.000020680000, -23.00000,
,,,0.000020690000, -23.00000,
,,,0.000020700000, -23.00000,
,,,0.000020710000, -23.00000,
,,,0.000020720000, -23.00000,
,,,0.000020730000, -23.00000,
,,,0.000020740000, -23.00000,
,,,0.000020750000, -23.00000,
,,,0.000020760000, -23.00000,
,,,0.000020770000, -23.00000,
,,,0.000020780000, -23.00000,
,,,0.000020790000, -23.00000,
,,,0.000020800000, -23.00000,
,,,0.000020810000, -23.00000,
,,,0.000020820000, -23.00000,
,,,0.000020830000, -23.00000,
,,,0.000020840000, -23.00000,
,,,0.000020850000, -23.00000,
,,,0.000020860000, -23.00000,
,,,0.000020870000, -23.00000,
,,,0.000020880000, -23.00000,
,,,0.000020890000, -23.00000,
,,,0.000020900000, -23.00000,
,,,0.000020910000, -23.00000,
,,,0.000020920000, -23.00000,
,,,0.000020930000, -23.00000,
,,,0.000020940000, -23.00000,
,,,0.000020950000, -23.00000,
,,,0.000020960000, -23.00000,
,,,0.000020970000, -23.00000,
,,,0.000020980000, -23.00000,
,,,0.000020990000, -23.00000,
,,,0.000021000000, -23.00000,
,,,0.000021010000, -23.00000,
,,,0.000021020000, -23.00000,
,,,0.000021030000, -23.00000,
,,,0.000021040000, -23.00000,
,,,0.000021050000, -23.00000,
,,,0.000021060000, -23.00000,
,,,0.000021070000, -23.00000,
,,,0.000021080000, -23.00000,
,,,0.000021090000, -23.00000,
,,,0.000021100000, -23.00000,
,,,0.000021110000, -23.00000,
,,,0.000021120000, -23.00000,
,,,0.000021130000, -23.00000,
,,,0.000021140000, -23.00000,
,,,0.000021150000, -23.00000,
,,,0.000021160000, -23.00000,
,,,0.000021170000, -23.00000,
,,,0.000021180000, -23.00000,
,,,0.000021190000, -23.00000,
,,,0.000021200000, -23.00000,
,,,0.000021210000, -23.00000,
,,,0.000021220000, -23.00000,
,,,0.000021230000, -23.00000,
,,,0.000021240000, -23.00000,
,,,0.000021250000, -23.00000,
,,,0.000021260000, -23.00000,
,,,0.000021270000, -23.00000,
,,,0.000021280000, -23.00000,
,,,0.000021290000, -23.00000,
,,,0.000021300000, -23.00000,
,,,0.000021310000, -23.00000,
,,,0.000021320000, -23.00000,
,,,0.000021330000, -23.00000,
,,,0.000021340000, -23.00000,
,,,0.000021350000, -23.00000,
,,,0.000021360000, -23.00000,
,,,0.000021370000, -23.00000,
,,,0.000021380000, -23.00000,
,,,0.000021390000, -23.00000,
,,,0.000021400000, -23.00000,
,,,0.000021410000, -23.00000,
,,,0.000021420000, -23.00000,
,,,0.000021430000, -23.00000,
,,,0.000021440000, -23.00000,
,,,0.000021450000, -23.00000,
,,,0.000021460000, -23.00000,
,,,0.000021470000, -23.00000,
,,,0.000021480000, -23.00000,
,,,0.000021490000, -23.00000,
,,,0.000021500000, -23.00000,
,,,0.000021510000, -23.00000,
,,,0.000021520000, -23.00000,
,,,0.000021530000, -23.00000,
,,,0.000021540000, -23.00000,
,,,0.000021550000, -23.00000,
,,,0.000021560000, -23.00000,
,,,0.000021570000, -23.00000,
,,,0.000021580000, -23.00000,
,,,0.000021590000, -23.00000,
,,,0.000021600000, -23.00000,
,,,0.000021610000, -23.00000,
,,,0.000021620000, -23.00000,
,,,0.000021630000, -23.00000,
,,,0.000021640000, -23.00000,
,,,0.000021650000, -23.00000,
,,,0.000021660000, -23.00000,
,,,0.000021670000, -23.00000,
,,,0.000021680000, -23.00000,
,,,0.000021690000, -23.00000,
,,,0.000021700000, -23.00000,
,,,0.000021710000, -23.00000,
,,,0.000021720000, -23.00000,
,,,0.000021730000, -23.00000,
,,,0.000021740000, -23.00000,
,,,0.000021750000, -23.00000,
,,,0.000021760000, -23.00000,
,,,0.000021770000, -23.00000,
,,,0.000021780000, -23.00000,
,,,0.000021790000, -23.00000,
,,,0.000021800000, -23.00000,
,,,0.000021810000, -23.00000,
,,,0.000021820000, -23.00000,
,,,0.000021830000, -23.00000,
,,,0.000021840000, -23.00000,
,,,0.000021850000, -23.00000,
,,,0.000021860000, -23.00000,
,,,0.000021870000, -23.00000,
,,,0.000021880000, -23.00000,
,,,0.000021890000, -23.00000,
,,,0.000021900000, -23.00000,
,,,0.000021910000, -23.00000,
,,,0.000021920000, -23.00000,
,,,0.000021930000, -23.00000,
,,,0.000021940000, -23.00000,
,,,0.000021950000, -23.00000,
,,,0.000021960000, -23.00000,
,,,0.000021970000, -23.00000,
,,,0.000021980000, -23.00000,
,,,0.000021990000, -23.00000,
,,,0.000022000000, -23.00000,
,,,0.000022010000, -23.00000,
,,,0.000022020000, -23.00000,
,,,0.000022030000, -23.00000,
,,,0.000022040000, -23.00000,
,,,0.000022050000, -23.00000,
,,,0.000022060000, -23.00000,
,,,0.000022070000, -23.00000,
,,,0.000022080000, -23.00000,
,,,0.000022090000, -23.00000,
,,,0.000022100000, -23.00000,
,,,0.000022110000, -23.00000,
,,,0.000022120000, -23.00000,
,,,0.000022130000, -23.00000,
,,,0.000022140000, -23.00000,
,,,0.000022150000, -23.00000,
,,,0.000022160000, -23.00000,
,,,0.000022170000, -23.00000,
,,,0.000022180000, -23.00000,
,,,0.000022190000, -23.00000,
,,,0.000022200000, -23.00000,
,,,0.000022210000, -23.00000,
,,,0.000022220000, -23.00000,
,,,0.000022230000, -23.00000,
,,,0.000022240000, -23.00000,
,,,0.000022250000, -23.00000,
,,,0.000022260000, -23.00000,
,,,0.000022270000, -23.00000,
,,,0.000022280000, -23.00000,
,,,0.000022290000, -23.00000,
,,,0.000022300000, -23.00000,
,,,0.000022310000, -23.00000,
,,,0.000022320000, -23.00000,
,,,0.000022330000, -23.00000,
,,,0.000022340000, -23.00000,
,,,0.000022350000, -23.00000,
,,,0.000022360000, -23.00000,
,,,0.000022370000, -23.00000,
,,,0.000022380000, -23.00000,
,,,0.000022390000, -23.00000,
,,,0.000022400000, -23.00000,
,,,0.000022410000, -23.00000,
,,,0.000022420000, -23.00000,
,,,0.000022430000, -23.00000,
,,,0.000022440000, -23.00000,
,,,0.000022450000, -23.00000,
,,,0.000022460000, -23.00000,
,,,0.000022470000, -23.00000,
,,,0.000022480000, -23.00000,
,,,0.000022490000, -23.00000,
,,,0.000022500000, -23.00000,
,,,0.000022510000, -23.00000,
,,,0.000022520000, -23.00000,
,,,0.000022530000, -23.00000,
,,,0.000022540000, -23.00000,
,,,0.000022550000, -23.00000,
,,,0.000022560000, -23.00000,
,,,0.000022570000, -23.00000,
,,,0.000022580000, -23.00000,
,,,0.000022590000, -23.00000,
,,,0.000022600000, -23.00000,
,,,0.000022610000, -23.00000,
,,,0.000022620000, -23.00000,
,,,0.000022630000, -23.00000,
,,,0.000022640000, -23.00000,
,,,0.000022650000, -23.00000,
,,,0.000022660000, -23.00000,
,,,0.000022670000, -23.00000,
,,,0.000022680000, -23.00000,
,,,0.000022690000, -23.00000,
,,,0.000022700000, -23.00000,
,,,0.000022710000, -23.00000,
,,,0.000022720000, -23.00000,
,,,0.000022730000, -23.00000,
,,,0.000022740000, -23.00000,
,,,0.000022750000, -23.00000,
,,,0.000022760000, -23.00000,
,,,0.000022770000, -23.00000,
,,,0.000022780000, -23.00000,
,,,0.000022790000, -23.00000,
,,,0.000022800000, -23.00000,
,,,0.000022810000, -23.00000,
,,,0.000022820000, -23.00000,
,,,0.000022830000, -23.00000,
,,,0.000022840000, -23.00000,
,,,0.000022850000, -23.00000,
,,,0.000022860000, -23.00000,
,,,0.000022870000, -23.00000,
,,,0.000022880000, -23.00000,
,,,0.000022890000, -23.00000,
,,,0.000022900000, -23.00000,
,,,0.000022910000, -23.00000,
,,,0.000022920000, -23.00000,
,,,0.000022930000, -23.00000,
,,,0.000022940000, -23.00000,
,,,0.000022950000, -23.00000,
,,,0.000022960000, -23.00000,
,,,0.000022970000, -23.00000,
,,,0.000022980000, -23.00000,
,,,0.000022990000, -23.00000,
,,,0.000023000000, -23.00000,
,,,0.000023010000, -23.00000,
,,,0.000023020000, -23.00000,
,,,0.000023030000, -23.00000,
,,,0.000023040000, -23.00000,
,,,0.000023050000, -23.00000,
,,,0.000023060000, -23.00000,
,,,0.000023070000, -23.00000,
,,,0.000023080000, -23.00000,
,,,0.000023090000, -23.00000,
,,,0.000023100000, -23.00000,
,,,0.000023110000, -23.00000,
,,,0.000023120000, -23.00000,
,,,0.000023130000, -23.00000,
,,,0.000023140000, -23.00000,
,,,0.000023150000, -23.00000,
,,,0.000023160000, -23.00000,
,,,0.000023170000, -23.00000,
,,,0.000023180000, -23.00000,
,,,0.000023190000, -23.00000,
,,,0.000023200000, -23.00000,
,,,0.000023210000, -23.00000,
,,,0.000023220000, -23.00000,
,,,0.000023230000, -23.00000,
,,,0.000023240000, -23.00000,
,,,0.000023250000, -23.00000,
,,,0.000023260000, -23.00000,
,,,0.000023270000, -23.00000,
,,,0.000023280000, -23.00000,
,,,0.000023290000, -23.00000,
,,,0.000023300000, -23.00000,
,,,0.000023310000, -23.00000,
,,,0.000023320000, -23.00000,
,,,0.000023330000, -23.00000,
,,,0.000023340000, -23.00000,
,,,0.000023350000, -23.00000,
,,,0.000023360000, -23.00000,
,,,0.000023370000, -23.00000,
,,,0.000023380000, -23.00000,
,,,0.000023390000, -23.00000,
,,,0.000023400000, -23.00000,
,,,0.000023410000, -23.00000,
,,,0.000023420000, -23.00000,
,,,0.000023430000, -23.00000,
,,,0.000023440000, -23.00000,
,,,0.000023450000, -23.00000,
,,,0.000023460000, -23.00000,
,,,0.000023470000, -23.00000,
,,,0.000023480000, -23.00000,
,,,0.000023490000, -23.00000,
,,,0.000023500000, -23.00000,
,,,0.000023510000, -23.00000,
,,,0.000023520000, -23.00000,
,,,0.000023530000, -23.00000,
,,,0.000023540000, -23.00000,
,,,0.000023550000, -23.00000,
,,,0.000023560000, -23.00000,
,,,0.000023570000, -23.00000,
,,,0.000023580000, -23.00000,
,,,0.000023590000, -23.00000,
,,,0.000023600000, -23.00000,
,,,0.000023610000, -23.00000,
,,,0.000023620000, -23.00000,
,,,0.000023630000, -23.00000,
,,,0.000023640000, -23.00000,
,,,0.000023650000, -23.00000,
,,,0.000023660000, -23.00000,
,,,0.000023670000, -23.00000,
,,,0.000023680000, -23.00000,
,,,0.000023690000, -23.00000,
,,,0.000023700000, -23.00000,
,,,0.000023710000, -23.00000,
,,,0.000023720000, -23.00000,
,,,0.000023730000, -23.00000,
,,,0.000023740000, -23.00000,
,,,0.000023750000, -23.00000,
,,,0.000023760000, -23.00000,
,,,0.000023770000, -23.00000,
,,,0.000023780000, -23.00000,
,,,0.000023790000, -23.00000,
,,,0.000023800000, -23.00000,
,,,0.000023810000, -23.00000,
,,,0.000023820000, -23.00000,
,,,0.000023830000, -23.00000,
,,,0.000023840000, -23.00000,
,,,0.000023850000, -23.00000,
,,,0.000023860000, -23.00000,
,,,0.000023870000, -23.00000,
,,,0.000023880000, -23.00000,
,,,0.000023890000, -23.00000,
,,,0.000023900000, -23.00000,
,,,0.000023910000, -23.00000,
,,,0.000023920000, -23.00000,
,,,0.000023930000, -23.00000,
,,,0.000023940000, -23.00000,
,,,0.000023950000, -23.00000,
,,,0.000023960000, -23.00000,
,,,0.000023970000, -23.00000,
,,,0.000023980000, -23.00000,
,,,0.000023990000, -23.00000,
,,,0.000024000000, -23.00000,
,,,0.000024010000, -23.00000,
,,,0.000024020000, -23.00000,
,,,0.000024030000, -23.00000,
,,,0.000024040000, -23.00000,
,,,0.000024050000, -23.00000,
,,,0.000024060000, -23.00000,
,,,0.000024070000, -23.00000,
,,,0.000024080000, -23.00000,
,,,0.000024090000, -23.00000,
,,,0.000024100000, -23.00000,
,,,0.000024110000, -23.00000,
,,,0.000024120000, -23.00000,
,,,0.000024130000, -23.00000,
,,,0.000024140000, -23.00000,
,,,0.000024150000, -23.00000,
,,,0.000024160000, -23.00000,
,,,0.000024170000, -23.00000,
,,,0.000024180000, -23.00000,
,,,0.000024190000, -23.00000,
,,,0.000024200000, -23.00000,
,,,0.000024210000, -23.00000,
,,,0.000024220000, -23.00000,
,,,0.000024230000, -23.00000,
,,,0.000024240000, -23.00000,
,,,0.000024250000, -23.00000,
,,,0.000024260000, -23.00000,
,,,0.000024270000, -23.00000,
,,,0.000024280000, -23.00000,
,,,0.000024290000, -23.00000,
,,,0.000024300000, -23.00000,
,,,0.000024310000, -23.00000,
,,,0.000024320000, -23.00000,
,,,0.000024330000, -23.00000,
,,,0.000024340000, -23.00000,
,,,0.000024350000, -23.00000,
,,,0.000024360000, -23.00000,
,,,0.000024370000, -23.00000,
,,,0.000024380000, -23.00000,
,,,0.000024390000, -23.00000,
,,,0.000024400000, -23.00000,
,,,0.000024410000, -23.00000,
,,,0.000024420000, -23.00000,
,,,0.000024430000, -23.00000,
,,,0.000024440000, -23.00000,
,,,0.000024450000, -23.00000,
,,,0.000024460000, -23.00000,
,,,0.000024470000, -23.00000,
,,,0.000024480000, -23.00000,
,,,0.000024490000, -23.00000,
,,,0.000024500000, -23.00000,
,,,0.000024510000, -23.00000,
,,,0.000024520000, -23.00000,
,,,0.000024530000, -23.00000,
,,,0.000024540000, -23.00000,
,,,0.000024550000, -23.00000,
,,,0.000024560000, -23.00000,
,,,0.000024570000, -23.00000,
,,,0.000024580000, -23.00000,
,,,0.000024590000, -23.00000,
,,,0.000024600000, -23.00000,
,,,0.000024610000, -23.00000,
,,,0.000024620000, -23.00000,
,,,0.000024630000, -23.00000,
,,,0.000024640000, -23.00000,
,,,0.000024650000, -23.00000,
,,,0.000024660000, -23.00000,
,,,0.000024670000, -23.00000,
,,,0.000024680000, -23.00000,
,,,0.000024690000, -23.00000,
,,,0.000024700000, -23.00000,
,,,0.000024710000, -23.00000,
,,,0.000024720000, -23.00000,
,,,0.000024730000, -23.00000,
,,,0.000024740000, -23.00000,
,,,0.000024750000, -23.00000,
,,,0.000024760000, -23.00000,
,,,0.000024770000, -23.00000,
,,,0.000024780000, -23.00000,
,,,0.000024790000, -23.00000,
,,,0.000024800000, -23.00000,
,,,0.000024810000, -23.00000,
,,,0.000024820000, -23.00000,
,,,0.000024830000, -23.00000,
,,,0.000024840000, -23.00000,
,,,0.000024850000, -23.00000,
,,,0.000024860000, -23.00000,
,,,0.000024870000, -23.00000,
,,,0.000024880000, -23.00000,
,,,0.000024890000, -23.00000,
,,,0.000024900000, -23.00000,
,,,0.000024910000, -23.00000,
,,,0.000024920000, -23.00000,
,,,0.000024930000, -23.00000,
,,,0.000024940000, -23.00000,
,,,0.000024950000, -23.00000,
,,,0.000024960000, -23.00000,
,,,0.000024970000, -23.00000,
,,,0.000024980000, -23.00000,
,,,0.000024990000, -23.00000,
,,,0.000025000000, -23.00000,
,,,0.000025010000, -23.00000,
,,,0.000025020000, -23.00000,
,,,0.000025030000, -23.00000,
,,,0.000025040000, -23.00000,
,,,0.000025050000, -23.00000,
,,,0.000025060000, -23.00000,
,,,0.000025070000, -23.00000,
,,,0.000025080000, -23.00000,
,,,0.000025090000, -23.00000,
,,,0.000025100000, -23.00000,
,,,0.000025110000, -23.00000,
,,,0.000025120000, -23.00000,
,,,0.000025130000, -23.00000,
,,,0.000025140000, -23.00000,
,,,0.000025150000, -23.00000,
,,,0.000025160000, -23.00000,
,,,0.000025170000, -23.00000,
,,,0.000025180000, -23.00000,
,,,0.000025190000, -23.00000,
,,,0.000025200000, -23.00000,
,,,0.000025210000, -23.00000,
,,,0.000025220000, -23.00000,
,,,0.000025230000, -23.00000,
,,,0.000025240000, -23.00000,
,,,0.000025250000, -23.00000,
,,,0.000025260000, -23.00000,
,,,0.000025270000, -23.00000,
,,,0.000025280000, -23.00000,
,,,0.000025290000, -23.00000,
,,,0.000025300000, -23.00000,
,,,0.000025310000, -23.00000,
,,,0.000025320000, -23.00000,
,,,0.000025330000, -23.00000,
,,,0.000025340000, -23.00000,
,,,0.000025350000, -23.00000,
,,,0.000025360000, -23.00000,
,,,0.000025370000, -23.00000,
,,,0.000025380000, -23.00000,
,,,0.000025390000, -23.00000,
,,,0.000025400000, -23.00000,
,,,0.000025410000, -23.00000,
,,,0.000025420000, -23.00000,
,,,0.000025430000, -23.00000,
,,,0.000025440000, -23.00000,
,,,0.000025450000, -23.00000,
,,,0.000025460000, -23.00000,
,,,0.000025470000, -23.00000,
,,,0.000025480000, -23.00000,
,,,0.000025490000, -23.00000,
,,,0.000025500000, -23.00000,
,,,0.000025510000, -23.00000,
,,,0.000025520000, -23.00000,
,,,0.000025530000, -23.00000,
,,,0.000025540000, -23.00000,
,,,0.000025550000, -23.00000,
,,,0.000025560000, -23.00000,
,,,0.000025570000, -23.00000,
,,,0.000025580000, -23.00000,
,,,0.000025590000, -23.00000,
,,,0.000025600000, -23.00000,
,,,0.000025610000, -23.00000,
,,,0.000025620000, -23.00000,
,,,0.000025630000, -23.00000,
,,,0.000025640000, -23.00000,
,,,0.000025650000, -23.00000,
,,,0.000025660000, -23.00000,
,,,0.000025670000, -23.00000,
,,,0.000025680000, -23.00000,
,,,0.000025690000, -23.00000,
,,,0.000025700000, -23.00000,
,,,0.000025710000, -23.00000,
,,,0.000025720000, -23.00000,
,,,0.000025730000, -23.00000,
,,,0.000025740000, -23.00000,
,,,0.000025750000, -23.00000,
,,,0.000025760000, -23.00000,
,,,0.000025770000, -23.00000,
,,,0.000025780000, -23.00000,
,,,0.000025790000, -23.00000,
,,,0.000025800000, -23.00000,
,,,0.000025810000, -23.00000,
,,,0.000025820000, -23.00000,
,,,0.000025830000, -23.00000,
,,,0.000025840000, -23.00000,
,,,0.000025850000, -23.00000,
,,,0.000025860000, -23.00000,
,,,0.000025870000, -23.00000,
,,,0.000025880000, -23.00000,
,,,0.000025890000, -23.00000,
,,,0.000025900000, -23.00000,
,,,0.000025910000, -23.00000,
,,,0.000025920000, -23.00000,
,,,0.000025930000, -23.00000,
,,,0.000025940000, -23.00000,
,,,0.000025950000, -23.00000,
,,,0.000025960000, -23.00000,
,,,0.000025970000, -23.00000,
,,,0.000025980000, -23.00000,
,,,0.000025990000, -23.00000,
,,,0.000026000000, -23.00000,
,,,0.000026010000, -23.00000,
,,,0.000026020000, -23.00000,
,,,0.000026030000, -23.00000,
,,,0.000026040000, -23.00000,
,,,0.000026050000, -23.00000,
,,,0.000026060000, -23.00000,
,,,0.000026070000, -23.00000,
,,,0.000026080000, -23.00000,
,,,0.000026090000, -23.00000,
,,,0.000026100000, -23.00000,
,,,0.000026110000, -23.00000,
,,,0.000026120000, -23.00000,
,,,0.000026130000, -23.00000,
,,,0.000026140000, -23.00000,
,,,0.000026150000, -23.00000,
,,,0.000026160000, -23.00000,
,,,0.000026170000, -23.00000,
,,,0.000026180000, -23.00000,
,,,0.000026190000, -23.00000,
,,,0.000026200000, -23.00000,
,,,0.000026210000, -23.00000,
,,,0.000026220000, -23.00000,
,,,0.000026230000, -23.00000,
,,,0.000026240000, -23.00000,
,,,0.000026250000, -23.00000,
,,,0.000026260000, -23.00000,
,,,0.000026270000, -23.00000,
,,,0.000026280000, -23.00000,
,,,0.000026290000, -23.00000,
,,,0.000026300000, -23.00000,
,,,0.000026310000, -23.00000,
,,,0.000026320000, -23.00000,
,,,0.000026330000, -23.00000,
,,,0.000026340000, -23.00000,
,,,0.000026350000, -23.00000,
,,,0.000026360000, -23.00000,
,,,0.000026370000, -23.00000,
,,,0.000026380000, -23.00000,
,,,0.000026390000, -23.00000,
,,,0.000026400000, -23.00000,
,,,0.000026410000, -23.00000,
,,,0.000026420000, -23.00000,
,,,0.000026430000, -23.00000,
,,,0.000026440000, -23.00000,
,,,0.000026450000, -23.00000,
,,,0.000026460000, -23.00000,
,,,0.000026470000, -23.00000,
,,,0.000026480000, -23.00000,
,,,0.000026490000, -23.00000,
,,,0.000026500000, -23.00000,
,,,0.000026510000, -23.00000,
,,,0.000026520000, -23.00000,
,,,0.000026530000, -23.00000,
,,,0.000026540000, -23.00000,
,,,0.000026550000, -23.00000,
,,,0.000026560000, -23.00000,
,,,0.000026570000, -23.00000,
,,,0.000026580000, -23.00000,
,,,0.000026590000, -23.00000,
,,,0.000026600000, -23.00000,
,,,0.000026610000, -23.00000,
,,,0.000026620000, -23.00000,
,,,0.000026630000, -23.00000,
,,,0.000026640000, -23.00000,
,,,0.000026650000, -23.00000,
,,,0.000026660000, -23.00000,
,,,0.000026670000, -23.00000,
,,,0.000026680000, -23.00000,
,,,0.000026690000, -23.00000,
,,,0.000026700000, -23.00000,
,,,0.000026710000, -23.00000,
,,,0.000026720000, -23.00000,
,,,0.000026730000, -23.00000,
,,,0.000026740000, -23.00000,
,,,0.000026750000, -23.00000,
,,,0.000026760000, -23.00000,
,,,0.000026770000, -23.00000,
,,,0.000026780000, -23.00000,
,,,0.000026790000, -23.00000,
,,,0.000026800000, -23.00000,
,,,0.000026810000, -23.00000,
,,,0.000026820000, -23.00000,
,,,0.000026830000, -23.00000,
,,,0.000026840000, -23.00000,
,,,0.000026850000, -23.00000,
,,,0.000026860000, -23.00000,
,,,0.000026870000, -23.00000,
,,,0.000026880000, -23.00000,
,,,0.000026890000, -23.00000,
,,,0.000026900000, -23.00000,
,,,0.000026910000, -23.00000,
,,,0.000026920000, -23.00000,
,,,0.000026930000, -23.00000,
,,,0.000026940000, -23.00000,
,,,0.000026950000, -23.00000,
,,,0.000026960000, -23.00000,
,,,0.000026970000, -23.00000,
,,,0.000026980000, -23.00000,
,,,0.000026990000, -23.00000,
,,,0.000027000000, -23.00000,
,,,0.000027010000, -23.00000,
,,,0.000027020000, -23.00000,
,,,0.000027030000, -23.00000,
,,,0.000027040000, -23.00000,
,,,0.000027050000, -23.00000,
,,,0.000027060000, -23.00000,
,,,0.000027070000, -23.00000,
,,,0.000027080000, -23.00000,
,,,0.000027090000, -23.00000,
,,,0.000027100000, -23.00000,
,,,0.000027110000, -23.00000,
,,,0.000027120000, -23.00000,
,,,0.000027130000, -23.00000,
,,,0.000027140000, -23.00000,
,,,0.000027150000, -23.00000,
,,,0.000027160000, -23.00000,
,,,0.000027170000, -23.00000,
,,,0.000027180000, -23.00000,
,,,0.000027190000, -23.00000,
,,,0.000027200000, -23.00000,
,,,0.000027210000, -23.00000,
,,,0.000027220000, -23.00000,
,,,0.000027230000, -23.00000,
,,,0.000027240000, -23.00000,
,,,0.000027250000, -23.00000,
,,,0.000027260000, -23.00000,
,,,0.000027270000, -23.00000,
,,,0.000027280000, -23.00000,
,,,0.000027290000, -23.00000,
,,,0.000027300000, -23.00000,
,,,0.000027310000, -23.00000,
,,,0.000027320000, -23.00000,
,,,0.000027330000, -23.00000,
,,,0.000027340000, -23.00000,
,,,0.000027350000, -23.00000,
,,,0.000027360000, -23.00000,
,,,0.000027370000, -23.00000,
,,,0.000027380000, -23.00000,
,,,0.000027390000, -23.00000,
,,,0.000027400000, -23.00000,
,,,0.000027410000, -23.00000,
,,,0.000027420000, -23.00000,
,,,0.000027430000, -23.00000,
,,,0.000027440000, -23.00000,
,,,0.000027450000, -23.00000,
,,,0.000027460000, -23.00000,
,,,0.000027470000, -23.00000,
,,,0.000027480000, -23.00000,
,,,0.000027490000, -23.00000,
