Record Length,2.500000e+03,,   0.000000000000, -48.80000,
Sample Interval,2.000000e-09,,   0.000000002000, -48.80000,
Trigger Point,0.000000000000e+00,,   0.000000004000, -48.80000,
,,,   0.000000006000, -48.80000,
,,,   0.000000008000, -48.80000,
,,,   0.000000010000, -48.80000,
Source,CH2,,   0.000000012000, -48.80000,
Vertical Units,V,,   0.000000014000, -48.80000,
Vertical Scale,2.000000e+01,,   0.000000016000, -48.80000,
Vertical Offset,8.000000e-01,,   0.000000018000, -48.80000,
Horizontal Units,s,,   0.000000020000, -48.80000,
Horizontal Scale,5.000000e-07,,   0.000000022000, -48.80000,
Pt Fmt,Y,,   0.000000024000, -48.80000,
Yzero,0.000000e+00,,   0.000000026000, -48.80000,
Probe Atten,1.000000e+01,,   0.000000028000, -48.80000,
Model Number,TDS1002B,,   0.000000030000, -48.80000,
Serial Number,C052304,,   0.000000032000, -48.80000,
Firmware Version,FV:v22.01,,   0.000000034000, -48.80000,
,,,0.000000036000, -48.80000,
,,,0.000000038000, -48.80000,
,,,0.000000040000, -49.60000,
,,,0.000000042000, -49.60000,
,,,0.000000044000, -48.80000,
,,,0.000000046000, -48.80000,
,,,0.000000048000, -48.80000,
,,,0.000000050000, -48.80000,
,,,0.000000052000, -48.80000,
,,,0.000000054000, -48.80000,
,,,0.000000056000, -48.80000,
,,,0.000000058000, -48.80000,
,,,0.000000060000, -48.80000,
,,,0.000000062000, -48.80000,
,,,0.000000064000, -48.80000,
,,,0.000000066000, -48.80000,
,,,0.000000068000, -48.80000,
,,,0.000000070000, -48.80000,
,,,0.000000072000, -48.80000,
,,,0.000000074000, -49.60000,
,,,0.000000076000, -49.60000,
,,,0.000000078000, -48.80000,
,,,0.000000080000, -48.80000,
,,,0.000000082000, -48.80000,
,,,0.000000084000, -48.80000,
,,,0.000000086000, -48.80000,
,,,0.000000088000, -48.80000,
,,,0.000000090000, -48.80000,
,,,0.000000092000, -48.80000,
,,,0.000000094000, -48.80000,
,,,0.000000096000, -48.80000,
,,,0.000000098000, -48.80000,
,,,0.000000100000, -48.80000,
,,,0.000000102000, -48.80000,
,,,0.000000104000, -48.80000,
,,,0.000000106000, -48.80000,
,,,0.000000108000, -48.80000,
,,,0.000000110000, -48.80000,
,,,0.000000112000, -48.80000,
,,,0.000000114000, -48.80000,
,,,0.000000116000, -48.80000,
,,,0.000000118000, -48.80000,
,,,0.000000120000, -48.80000,
,,,0.000000122000, -48.80000,
,,,0.000000124000, -48.80000,
,,,0.000000126000, -48.80000,
,,,0.000000128000, -48.80000,
,,,0.000000130000, -48.80000,
,,,0.000000132000, -48.80000,
,,,0.000000134000, -48.80000,
,,,0.000000136000, -48.80000,
,,,0.000000138000, -48.80000,
,,,0.000000140000, -48.80000,
,,,0.000000142000, -48.80000,
,,,0.000000144000, -48.80000,
,,,0.000000146000, -48.80000,
,,,0.000000148000, -48.80000,
,,,0.000000150000, -48.80000,
,,,0.000000152000, -48.80000,
,,,0.000000154000, -48.80000,
,,,0.000000156000, -48.80000,
,,,0.000000158000, -48.80000,
,,,0.000000160000, -48.80000,
,,,0.000000162000, -48.80000,
,,,0.000000164000, -48.80000,
,,,0.000000166000, -48.80000,
,,,0.000000168000, -48.80000,
,,,0.000000170000, -48.80000,
,,,0.000000172000, -48.80000,
,,,0.000000174000, -48.80000,
,,,0.000000176000, -48.80000,
,,,0.000000178000, -48.80000,
,,,0.000000180000, -48.80000,
,,,0.000000182000, -48.80000,
,,,0.000000184000, -48.80000,
,,,0.000000186000, -48.80000,
,,,0.000000188000, -48.80000,
,,,0.000000190000, -48.80000,
,,,0.000000192000, -48.80000,
,,,0.000000194000, -48.80000,
,,,0.000000196000, -48.80000,
,,,0.000000198000, -48.80000,
,,,0.000000200000, -48.80000,
,,,0.000000202000, -48.80000,
,,,0.000000204000, -48.80000,
,,,0.000000206000, -48.80000,
,,,0.000000208000, -48.80000,
,,,0.000000210000, -48.80000,
,,,0.000000212000, -48.80000,
,,,0.000000214000, -48.80000,
,,,0.000000216000, -48.80000,
,,,0.000000218000, -48.80000,
,,,0.000000220000, -48.80000,
,,,0.000000222000, -48.80000,
,,,0.000000224000, -48.80000,
,,,0.000000226000, -48.80000,
,,,0.000000228000, -48.80000,
,,,0.000000230000, -48.80000,
,,,0.000000232000, -48.80000,
,,,0.000000234000, -48.80000,
,,,0.000000236000, -48.80000,
,,,0.000000238000, -48.80000,
,,,0.000000240000, -48.80000,
,,,0.000000242000, -48.80000,
,,,0.000000244000, -48.80000,
,,,0.000000246000, -48.80000,
,,,0.000000248000, -48.80000,
,,,0.000000250000, -48.80000,
,,,0.000000252000, -48.80000,
,,,0.000000254000, -48.80000,
,,,0.000000256000, -48.80000,
,,,0.000000258000, -48.80000,
,,,0.000000260000, -48.80000,
,,,0.000000262000, -48.80000,
,,,0.000000264000, -48.80000,
,,,0.000000266000, -48.80000,
,,,0.000000268000, -48.80000,
,,,0.000000270000, -48.80000,
,,,0.000000272000, -48.80000,
,,,0.000000274000, -48.80000,
,,,0.000000276000, -48.80000,
,,,0.000000278000, -48.80000,
,,,0.000000280000, -48.80000,
,,,0.000000282000, -48.80000,
,,,0.000000284000, -48.80000,
,,,0.000000286000, -48.80000,
,,,0.000000288000, -48.80000,
,,,0.000000290000, -48.80000,
,,,0.000000292000, -48.80000,
,,,0.000000294000, -48.80000,
,,,0.000000296000, -48.80000,
,,,0.000000298000, -48.80000,
,,,0.000000300000, -48.80000,
,,,0.000000302000, -48.80000,
,,,0.000000304000, -48.80000,
,,,0.000000306000, -48.80000,
,,,0.000000308000, -48.80000,
,,,0.000000310000, -48.80000,
,,,0.000000312000, -48.80000,
,,,0.000000314000, -48.80000,
,,,0.000000316000, -48.80000,
,,,0.000000318000, -48.80000,
,,,0.000000320000, -48.80000,
,,,0.000000322000, -48.80000,
,,,0.000000324000, -48.80000,
,,,0.000000326000, -48.80000,
,,,0.000000328000, -48.80000,
,,,0.000000330000, -48.80000,
,,,0.000000332000, -48.80000,
,,,0.000000334000, -48.80000,
,,,0.000000336000, -48.80000,
,,,0.000000338000, -48.80000,
,,,0.000000340000, -48.80000,
,,,0.000000342000, -48.80000,
,,,0.000000344000, -48.80000,
,,,0.000000346000, -48.80000,
,,,0.000000348000, -48.80000,
,,,0.000000350000, -48.80000,
,,,0.000000352000, -48.80000,
,,,0.000000354000, -48.80000,
,,,0.000000356000, -48.80000,
,,,0.000000358000, -48.80000,
,,,0.000000360000, -48.80000,
,,,0.000000362000, -48.80000,
,,,0.000000364000, -48.80000,
,,,0.000000366000, -48.80000,
,,,0.000000368000, -48.80000,
,,,0.000000370000, -48.80000,
,,,0.000000372000, -48.80000,
,,,0.000000374000, -48.80000,
,,,0.000000376000, -48.80000,
,,,0.000000378000, -48.80000,
,,,0.000000380000, -48.80000,
,,,0.000000382000, -48.80000,
,,,0.000000384000, -48.80000,
,,,0.000000386000, -48.80000,
,,,0.000000388000, -48.80000,
,,,0.000000390000, -48.80000,
,,,0.000000392000, -48.80000,
,,,0.000000394000, -48.80000,
,,,0.000000396000, -48.80000,
,,,0.000000398000, -48.80000,
,,,0.000000400000, -48.80000,
,,,0.000000402000, -48.80000,
,,,0.000000404000, -48.80000,
,,,0.000000406000, -48.80000,
,,,0.000000408000, -48.80000,
,,,0.000000410000, -48.80000,
,,,0.000000412000, -48.80000,
,,,0.000000414000, -48.80000,
,,,0.000000416000, -48.80000,
,,,0.000000418000, -48.80000,
,,,0.000000420000, -48.80000,
,,,0.000000422000, -48.80000,
,,,0.000000424000, -48.80000,
,,,0.000000426000, -48.80000,
,,,0.000000428000, -48.80000,
,,,0.000000430000, -48.80000,
,,,0.000000432000, -48.80000,
,,,0.000000434000, -48.80000,
,,,0.000000436000, -48.80000,
,,,0.000000438000, -48.80000,
,,,0.000000440000, -48.80000,
,,,0.000000442000, -48.80000,
,,,0.000000444000, -48.80000,
,,,0.000000446000, -48.80000,
,,,0.000000448000, -48.80000,
,,,0.000000450000, -48.80000,
,,,0.000000452000, -48.80000,
,,,0.000000454000, -48.80000,
,,,0.000000456000, -48.80000,
,,,0.000000458000, -48.80000,
,,,0.000000460000, -48.80000,
,,,0.000000462000, -48.80000,
,,,0.000000464000, -48.80000,
,,,0.000000466000, -48.80000,
,,,0.000000468000, -48.80000,
,,,0.000000470000, -48.80000,
,,,0.000000472000, -48.80000,
,,,0.000000474000, -48.80000,
,,,0.000000476000, -48.80000,
,,,0.000000478000, -48.80000,
,,,0.000000480000, -48.80000,
,,,0.000000482000, -48.80000,
,,,0.000000484000, -48.80000,
,,,0.000000486000, -48.80000,
,,,0.000000488000, -48.80000,
,,,0.000000490000, -48.80000,
,,,0.000000492000, -48.80000,
,,,0.000000494000, -48.80000,
,,,0.000000496000, -48.80000,
,,,0.000000498000, -48.80000,
,,,0.000000500000, -48.80000,
,,,0.000000502000, -48.80000,
,,,0.000000504000, -48.80000,
,,,0.000000506000, -48.80000,
,,,0.000000508000, -48.80000,
,,,0.000000510000, -48.80000,
,,,0.000000512000, -48.80000,
,,,0.000000514000, -48.80000,
,,,0.000000516000, -48.80000,
,,,0.000000518000, -48.80000,
,,,0.000000520000, -48.80000,
,,,0.000000522000, -48.80000,
,,,0.000000524000, -48.80000,
,,,0.000000526000, -48.80000,
,,,0.000000528000, -48.80000,
,,,0.000000530000, -48.80000,
,,,0.000000532000, -48.80000,
,,,0.000000534000, -48.80000,
,,,0.000000536000, -48.80000,
,,,0.000000538000, -48.80000,
,,,0.000000540000, -48.80000,
,,,0.000000542000, -48.80000,
,,,0.000000544000, -48.80000,
,,,0.000000546000, -48.80000,
,,,0.000000548000, -48.80000,
,,,0.000000550000, -48.80000,
,,,0.000000552000, -48.80000,
,,,0.000000554000, -48.80000,
,,,0.000000556000, -48.80000,
,,,0.000000558000, -48.80000,
,,,0.000000560000, -48.80000,
,,,0.000000562000, -48.80000,
,,,0.000000564000, -48.80000,
,,,0.000000566000, -48.80000,
,,,0.000000568000, -48.80000,
,,,0.000000570000, -48.80000,
,,,0.000000572000, -48.80000,
,,,0.000000574000, -48.80000,
,,,0.000000576000, -48.80000,
,,,0.000000578000, -48.80000,
,,,0.000000580000, -48.80000,
,,,0.000000582000, -48.80000,
,,,0.000000584000, -48.80000,
,,,0.000000586000, -48.80000,
,,,0.000000588000, -48.80000,
,,,0.000000590000, -48.80000,
,,,0.000000592000, -48.80000,
,,,0.000000594000, -48.80000,
,,,0.000000596000, -48.80000,
,,,0.000000598000, -48.80000,
,,,0.000000600000, -48.80000,
,,,0.000000602000, -48.80000,
,,,0.000000604000, -48.80000,
,,,0.000000606000, -48.80000,
,,,0.000000608000, -48.80000,
,,,0.000000610000, -48.80000,
,,,0.000000612000, -48.80000,
,,,0.000000614000, -48.80000,
,,,0.000000616000, -48.80000,
,,,0.000000618000, -48.80000,
,,,0.000000620000, -48.80000,
,,,0.000000622000, -48.80000,
,,,0.000000624000, -48.80000,
,,,0.000000626000, -48.80000,
,,,0.000000628000, -48.80000,
,,,0.000000630000, -48.80000,
,,,0.000000632000, -48.80000,
,,,0.000000634000, -48.80000,
,,,0.000000636000, -48.80000,
,,,0.000000638000, -48.80000,
,,,0.000000640000, -48.80000,
,,,0.000000642000, -48.80000,
,,,0.000000644000, -48.80000,
,,,0.000000646000, -48.80000,
,,,0.000000648000, -48.80000,
,,,0.000000650000, -48.80000,
,,,0.000000652000, -48.80000,
,,,0.000000654000, -48.80000,
,,,0.000000656000, -48.80000,
,,,0.000000658000, -48.80000,
,,,0.000000660000, -48.80000,
,,,0.000000662000, -48.80000,
,,,0.000000664000, -48.80000,
,,,0.000000666000, -48.80000,
,,,0.000000668000, -48.80000,
,,,0.000000670000, -48.80000,
,,,0.000000672000, -48.80000,
,,,0.000000674000, -48.80000,
,,,0.000000676000, -48.80000,
,,,0.000000678000, -48.80000,
,,,0.000000680000, -48.80000,
,,,0.000000682000, -48.80000,
,,,0.000000684000, -48.80000,
,,,0.000000686000, -48.80000,
,,,0.000000688000, -48.80000,
,,,0.000000690000, -48.80000,
,,,0.000000692000, -48.80000,
,,,0.000000694000, -48.80000,
,,,0.000000696000, -48.80000,
,,,0.000000698000, -48.80000,
,,,0.000000700000, -48.80000,
,,,0.000000702000, -48.80000,
,,,0.000000704000, -48.80000,
,,,0.000000706000, -48.80000,
,,,0.000000708000, -48.80000,
,,,0.000000710000, -48.80000,
,,,0.000000712000, -48.80000,
,,,0.000000714000, -48.80000,
,,,0.000000716000, -48.80000,
,,,0.000000718000, -48.80000,
,,,0.000000720000, -48.80000,
,,,0.000000722000, -48.80000,
,,,0.000000724000, -48.80000,
,,,0.000000726000, -48.80000,
,,,0.000000728000, -48.80000,
,,,0.000000730000, -48.80000,
,,,0.000000732000, -48.80000,
,,,0.000000734000, -48.80000,
,,,0.000000736000, -48.80000,
,,,0.000000738000, -48.80000,
,,,0.000000740000, -48.80000,
,,,0.000000742000, -48.80000,
,,,0.000000744000, -48.80000,
,,,0.000000746000, -48.80000,
,,,0.000000748000, -48.80000,
,,,0.000000750000, -48.80000,
,,,0.000000752000, -48.80000,
,,,0.000000754000, -48.80000,
,,,0.000000756000, -48.80000,
,,,0.000000758000, -48.80000,
,,,0.000000760000, -48.80000,
,,,0.000000762000, -48.80000,
,,,0.000000764000, -48.80000,
,,,0.000000766000, -48.80000,
,,,0.000000768000, -48.80000,
,,,0.000000770000, -48.80000,
,,,0.000000772000, -48.80000,
,,,0.000000774000, -48.80000,
,,,0.000000776000, -48.80000,
,,,0.000000778000, -48.80000,
,,,0.000000780000, -48.80000,
,,,0.000000782000, -48.80000,
,,,0.000000784000, -48.80000,
,,,0.000000786000, -48.80000,
,,,0.000000788000, -48.80000,
,,,0.000000790000, -48.80000,
,,,0.000000792000, -48.80000,
,,,0.000000794000, -48.80000,
,,,0.000000796000, -48.80000,
,,,0.000000798000, -48.80000,
,,,0.000000800000, -48.80000,
,,,0.000000802000, -48.80000,
,,,0.000000804000, -48.80000,
,,,0.000000806000, -48.80000,
,,,0.000000808000, -48.80000,
,,,0.000000810000, -48.80000,
,,,0.000000812000, -48.80000,
,,,0.000000814000, -48.80000,
,,,0.000000816000, -48.80000,
,,,0.000000818000, -48.80000,
,,,0.000000820000, -48.80000,
,,,0.000000822000, -48.80000,
,,,0.000000824000, -48.80000,
,,,0.000000826000, -48.80000,
,,,0.000000828000, -48.80000,
,,,0.000000830000, -48.80000,
,,,0.000000832000, -48.80000,
,,,0.000000834000, -48.80000,
,,,0.000000836000, -48.80000,
,,,0.000000838000, -48.80000,
,,,0.000000840000, -48.80000,
,,,0.000000842000, -48.80000,
,,,0.000000844000, -48.80000,
,,,0.000000846000, -48.80000,
,,,0.000000848000, -48.80000,
,,,0.000000850000, -48.80000,
,,,0.000000852000, -48.80000,
,,,0.000000854000, -48.80000,
,,,0.000000856000, -48.80000,
,,,0.000000858000, -48.80000,
,,,0.000000860000, -48.80000,
,,,0.000000862000, -48.80000,
,,,0.000000864000, -48.80000,
,,,0.000000866000, -48.80000,
,,,0.000000868000, -48.80000,
,,,0.000000870000, -48.80000,
,,,0.000000872000, -48.80000,
,,,0.000000874000, -48.80000,
,,,0.000000876000, -48.80000,
,,,0.000000878000, -48.80000,
,,,0.000000880000, -48.80000,
,,,0.000000882000, -48.80000,
,,,0.000000884000, -48.80000,
,,,0.000000886000, -48.80000,
,,,0.000000888000, -48.80000,
,,,0.000000890000, -48.80000,
,,,0.000000892000, -48.80000,
,,,0.000000894000, -48.80000,
,,,0.000000896000, -48.80000,
,,,0.000000898000, -48.80000,
,,,0.000000900000, -48.80000,
,,,0.000000902000, -48.80000,
,,,0.000000904000, -48.80000,
,,,0.000000906000, -48.80000,
,,,0.000000908000, -48.80000,
,,,0.000000910000, -48.80000,
,,,0.000000912000, -48.80000,
,,,0.000000914000, -48.80000,
,,,0.000000916000, -48.80000,
,,,0.000000918000, -48.80000,
,,,0.000000920000, -48.80000,
,,,0.000000922000, -48.80000,
,,,0.000000924000, -48.80000,
,,,0.000000926000, -48.80000,
,,,0.000000928000, -48.80000,
,,,0.000000930000, -48.80000,
,,,0.000000932000, -48.80000,
,,,0.000000934000, -48.80000,
,,,0.000000936000, -48.80000,
,,,0.000000938000, -48.80000,
,,,0.000000940000, -48.80000,
,,,0.000000942000, -48.80000,
,,,0.000000944000, -48.80000,
,,,0.000000946000, -48.80000,
,,,0.000000948000, -48.80000,
,,,0.000000950000, -48.80000,
,,,0.000000952000, -48.80000,
,,,0.000000954000, -48.80000,
,,,0.000000956000, -48.80000,
,,,0.000000958000, -48.80000,
,,,0.000000960000, -48.80000,
,,,0.000000962000, -48.80000,
,,,0.000000964000, -48.80000,
,,,0.000000966000, -48.80000,
,,,0.000000968000, -48.80000,
,,,0.000000970000, -48.80000,
,,,0.000000972000, -48.80000,
,,,0.000000974000, -48.80000,
,,,0.000000976000, -48.80000,
,,,0.000000978000, -48.80000,
,,,0.000000980000, -48.80000,
,,,0.000000982000, -48.80000,
,,,0.000000984000, -48.80000,
,,,0.000000986000, -48.80000,
,,,0.000000988000, -48.80000,
,,,0.000000990000, -48.80000,
,,,0.000000992000, -48.80000,
,,,0.000000994000, -48.80000,
,,,0.000000996000, -48.80000,
,,,0.000000998000, -48.80000,
,,,0.000001000000, -48.80000,
,,,0.000001002000, -48.80000,
,,,0.000001004000, -48.80000,
,,,0.000001006000, -48.80000,
,,,0.000001008000, -48.80000,
,,,0.000001010000, -48.80000,
,,,0.000001012000, -48.80000,
,,,0.000001014000, -48.80000,
,,,0.000001016000, -48.80000,
,,,0.000001018000, -48.80000,
,,,0.000001020000, -48.80000,
,,,0.000001022000, -48.80000,
,,,0.000001024000, -48.80000,
,,,0.000001026000, -48.80000,
,,,0.000001028000, -48.80000,
,,,0.000001030000, -48.80000,
,,,0.000001032000, -48.80000,
,,,0.000001034000, -48.80000,
,,,0.000001036000, -48.80000,
,,,0.000001038000, -48.80000,
,,,0.000001040000, -48.80000,
,,,0.000001042000, -48.80000,
,,,0.000001044000, -48.80000,
,,,0.000001046000, -48.80000,
,,,0.000001048000, -48.80000,
,,,0.000001050000, -48.80000,
,,,0.000001052000, -48.80000,
,,,0.000001054000, -48.80000,
,,,0.000001056000, -48.80000,
,,,0.000001058000, -48.80000,
,,,0.000001060000, -48.80000,
,,,0.000001062000, -48.80000,
,,,0.000001064000, -48.80000,
,,,0.000001066000, -48.80000,
,,,0.000001068000, -48.80000,
,,,0.000001070000, -48.80000,
,,,0.000001072000, -48.80000,
,,,0.000001074000, -48.80000,
,,,0.000001076000, -48.80000,
,,,0.000001078000, -48.80000,
,,,0.000001080000, -48.80000,
,,,0.000001082000, -48.80000,
,,,0.000001084000, -48.80000,
,,,0.000001086000, -48.80000,
,,,0.000001088000, -48.80000,
,,,0.000001090000, -48.80000,
,,,0.000001092000, -48.80000,
,,,0.000001094000, -48.80000,
,,,0.000001096000, -48.80000,
,,,0.000001098000, -48.80000,
,,,0.000001100000, -48.80000,
,,,0.000001102000, -48.80000,
,,,0.000001104000, -48.80000,
,,,0.000001106000, -48.80000,
,,,0.000001108000, -48.80000,
,,,0.000001110000, -48.80000,
,,,0.000001112000, -48.80000,
,,,0.000001114000, -48.80000,
,,,0.000001116000, -48.80000,
,,,0.000001118000, -48.80000,
,,,0.000001120000, -48.80000,
,,,0.000001122000, -48.80000,
,,,0.000001124000, -48.80000,
,,,0.000001126000, -48.80000,
,,,0.000001128000, -48.80000,
,,,0.000001130000, -48.80000,
,,,0.000001132000, -48.80000,
,,,0.000001134000, -48.80000,
,,,0.000001136000, -48.80000,
,,,0.000001138000, -48.80000,
,,,0.000001140000, -48.80000,
,,,0.000001142000, -48.80000,
,,,0.000001144000, -48.80000,
,,,0.000001146000, -48.80000,
,,,0.000001148000, -48.80000,
,,,0.000001150000, -48.80000,
,,,0.000001152000, -48.80000,
,,,0.000001154000, -48.80000,
,,,0.000001156000, -48.80000,
,,,0.000001158000, -48.80000,
,,,0.000001160000, -48.80000,
,,,0.000001162000, -48.80000,
,,,0.000001164000, -48.80000,
,,,0.000001166000, -48.80000,
,,,0.000001168000, -48.80000,
,,,0.000001170000, -48.80000,
,,,0.000001172000, -48.80000,
,,,0.000001174000, -48.80000,
,,,0.000001176000, -48.80000,
,,,0.000001178000, -48.80000,
,,,0.000001180000, -48.80000,
,,,0.000001182000, -48.80000,
,,,0.000001184000, -48.80000,
,,,0.000001186000, -48.80000,
,,,0.000001188000, -48.80000,
,,,0.000001190000, -48.80000,
,,,0.000001192000, -48.80000,
,,,0.000001194000, -48.80000,
,,,0.000001196000, -48.80000,
,,,0.000001198000, -48.80000,
,,,0.000001200000, -48.80000,
,,,0.000001202000, -48.80000,
,,,0.000001204000, -48.80000,
,,,0.000001206000, -48.80000,
,,,0.000001208000, -48.80000,
,,,0.000001210000, -48.80000,
,,,0.000001212000, -48.80000,
,,,0.000001214000, -48.80000,
,,,0.000001216000, -48.80000,
,,,0.000001218000, -48.80000,
,,,0.000001220000, -48.80000,
,,,0.000001222000, -48.80000,
,,,0.000001224000, -48.80000,
,,,0.000001226000, -48.80000,
,,,0.000001228000, -48.80000,
,,,0.000001230000, -48.80000,
,,,0.000001232000, -48.80000,
,,,0.000001234000, -48.80000,
,,,0.000001236000, -48.80000,
,,,0.000001238000, -48.80000,
,,,0.000001240000, -48.80000,
,,,0.000001242000, -48.80000,
,,,0.000001244000, -48.80000,
,,,0.000001246000, -48.80000,
,,,0.000001248000, -48.80000,
,,,0.000001250000, -48.80000,
,,,0.000001252000, -48.80000,
,,,0.000001254000, -48.80000,
,,,0.000001256000, -48.80000,
,,,0.000001258000, -48.80000,
,,,0.000001260000, -48.80000,
,,,0.000001262000, -48.80000,
,,,0.000001264000, -48.80000,
,,,0.000001266000, -48.80000,
,,,0.000001268000, -48.80000,
,,,0.000001270000, -48.80000,
,,,0.000001272000, -48.80000,
,,,0.000001274000, -48.80000,
,,,0.000001276000, -48.80000,
,,,0.000001278000, -48.80000,
,,,0.000001280000, -48.80000,
,,,0.000001282000, -48.80000,
,,,0.000001284000, -48.80000,
,,,0.000001286000, -48.80000,
,,,0.000001288000, -48.80000,
,,,0.000001290000, -48.80000,
,,,0.000001292000, -48.80000,
,,,0.000001294000, -48.80000,
,,,0.000001296000, -48.80000,
,,,0.000001298000, -48.80000,
,,,0.000001300000, -48.80000,
,,,0.000001302000, -48.80000,
,,,0.000001304000, -48.80000,
,,,0.000001306000, -48.80000,
,,,0.000001308000, -48.80000,
,,,0.000001310000, -48.80000,
,,,0.000001312000, -48.80000,
,,,0.000001314000, -48.80000,
,,,0.000001316000, -48.80000,
,,,0.000001318000, -48.80000,
,,,0.000001320000, -48.80000,
,,,0.000001322000, -48.80000,
,,,0.000001324000, -48.80000,
,,,0.000001326000, -48.80000,
,,,0.000001328000, -48.80000,
,,,0.000001330000, -48.80000,
,,,0.000001332000, -48.80000,
,,,0.000001334000, -48.80000,
,,,0.000001336000, -48.80000,
,,,0.000001338000, -48.80000,
,,,0.000001340000, -48.80000,
,,,0.000001342000, -48.80000,
,,,0.000001344000, -48.80000,
,,,0.000001346000, -48.80000,
,,,0.000001348000, -48.80000,
,,,0.000001350000, -48.80000,
,,,0.000001352000, -48.80000,
,,,0.000001354000, -48.80000,
,,,0.000001356000, -48.80000,
,,,0.000001358000, -48.80000,
,,,0.000001360000, -48.80000,
,,,0.000001362000, -48.80000,
,,,0.000001364000, -48.80000,
,,,0.000001366000, -48.80000,
,,,0.000001368000, -48.80000,
,,,0.000001370000, -48.80000,
,,,0.000001372000, -48.80000,
,,,0.000001374000, -48.80000,
,,,0.000001376000, -48.80000,
,,,0.000001378000, -48.80000,
,,,0.000001380000, -48.80000,
,,,0.000001382000, -48.80000,
,,,0.000001384000, -48.80000,
,,,0.000001386000, -48.80000,
,,,0.000001388000, -48.80000,
,,,0.000001390000, -48.80000,
,,,0.000001392000, -48.80000,
,,,0.000001394000, -48.80000,
,,,0.000001396000, -48.80000,
,,,0.000001398000, -48.80000,
,,,0.000001400000, -48.80000,
,,,0.000001402000, -48.80000,
,,,0.000001404000, -48.80000,
,,,0.000001406000, -48.80000,
,,,0.000001408000, -48.80000,
,,,0.000001410000, -48.80000,
,,,0.000001412000, -48.80000,
,,,0.000001414000, -48.80000,
,,,0.000001416000, -48.80000,
,,,0.000001418000, -48.80000,
,,,0.000001420000, -48.80000,
,,,0.000001422000, -48.80000,
,,,0.000001424000, -48.80000,
,,,0.000001426000, -48.80000,
,,,0.000001428000, -48.80000,
,,,0.000001430000, -48.80000,
,,,0.000001432000, -48.80000,
,,,0.000001434000, -48.80000,
,,,0.000001436000, -48.80000,
,,,0.000001438000, -48.80000,
,,,0.000001440000, -48.80000,
,,,0.000001442000, -48.80000,
,,,0.000001444000, -48.80000,
,,,0.000001446000, -48.80000,
,,,0.000001448000, -48.80000,
,,,0.000001450000, -48.80000,
,,,0.000001452000, -48.80000,
,,,0.000001454000, -48.80000,
,,,0.000001456000, -48.80000,
,,,0.000001458000, -48.80000,
,,,0.000001460000, -48.80000,
,,,0.000001462000, -48.80000,
,,,0.000001464000, -48.80000,
,,,0.000001466000, -48.80000,
,,,0.000001468000, -48.80000,
,,,0.000001470000, -48.80000,
,,,0.000001472000, -48.80000,
,,,0.000001474000, -48.80000,
,,,0.000001476000, -48.80000,
,,,0.000001478000, -48.80000,
,,,0.000001480000, -48.80000,
,,,0.000001482000, -48.80000,
,,,0.000001484000, -48.80000,
,,,0.000001486000, -48.80000,
,,,0.000001488000, -48.80000,
,,,0.000001490000, -48.80000,
,,,0.000001492000, -48.80000,
,,,0.000001494000, -48.80000,
,,,0.000001496000, -48.80000,
,,,0.000001498000, -48.80000,
,,,0.000001500000, -48.80000,
,,,0.000001502000, -48.80000,
,,,0.000001504000, -48.80000,
,,,0.000001506000, -48.80000,
,,,0.000001508000, -48.80000,
,,,0.000001510000, -48.80000,
,,,0.000001512000, -48.80000,
,,,0.000001514000, -48.80000,
,,,0.000001516000, -48.80000,
,,,0.000001518000, -48.80000,
,,,0.000001520000, -48.80000,
,,,0.000001522000, -48.80000,
,,,0.000001524000, -48.80000,
,,,0.000001526000, -48.80000,
,,,0.000001528000, -48.80000,
,,,0.000001530000, -48.80000,
,,,0.000001532000, -48.80000,
,,,0.000001534000, -48.80000,
,,,0.000001536000, -48.80000,
,,,0.000001538000, -48.80000,
,,,0.000001540000, -48.80000,
,,,0.000001542000, -48.80000,
,,,0.000001544000, -48.80000,
,,,0.000001546000, -48.80000,
,,,0.000001548000, -48.80000,
,,,0.000001550000, -48.80000,
,,,0.000001552000, -48.80000,
,,,0.000001554000, -48.80000,
,,,0.000001556000, -48.80000,
,,,0.000001558000, -48.80000,
,,,0.000001560000, -48.80000,
,,,0.000001562000, -48.80000,
,,,0.000001564000, -48.80000,
,,,0.000001566000, -48.80000,
,,,0.000001568000, -48.80000,
,,,0.000001570000, -48.80000,
,,,0.000001572000, -48.80000,
,,,0.000001574000, -48.80000,
,,,0.000001576000, -48.80000,
,,,0.000001578000, -48.80000,
,,,0.000001580000, -48.80000,
,,,0.000001582000, -48.80000,
,,,0.000001584000, -48.80000,
,,,0.000001586000, -48.80000,
,,,0.000001588000, -48.80000,
,,,0.000001590000, -48.80000,
,,,0.000001592000, -48.80000,
,,,0.000001594000, -48.80000,
,,,0.000001596000, -48.80000,
,,,0.000001598000, -48.80000,
,,,0.000001600000, -48.80000,
,,,0.000001602000, -48.80000,
,,,0.000001604000, -48.80000,
,,,0.000001606000, -48.80000,
,,,0.000001608000, -48.80000,
,,,0.000001610000, -48.80000,
,,,0.000001612000, -48.80000,
,,,0.000001614000, -48.80000,
,,,0.000001616000, -48.80000,
,,,0.000001618000, -48.80000,
,,,0.000001620000, -48.80000,
,,,0.000001622000, -48.80000,
,,,0.000001624000, -48.80000,
,,,0.000001626000, -48.80000,
,,,0.000001628000, -48.80000,
,,,0.000001630000, -48.80000,
,,,0.000001632000, -48.80000,
,,,0.000001634000, -48.80000,
,,,0.000001636000, -48.80000,
,,,0.000001638000, -48.80000,
,,,0.000001640000, -48.80000,
,,,0.000001642000, -48.80000,
,,,0.000001644000, -48.80000,
,,,0.000001646000, -48.80000,
,,,0.000001648000, -48.80000,
,,,0.000001650000, -48.80000,
,,,0.000001652000, -48.80000,
,,,0.000001654000, -48.80000,
,,,0.000001656000, -48.80000,
,,,0.000001658000, -48.80000,
,,,0.000001660000, -48.80000,
,,,0.000001662000, -48.80000,
,,,0.000001664000, -48.80000,
,,,0.000001666000, -48.80000,
,,,0.000001668000, -48.80000,
,,,0.000001670000, -48.80000,
,,,0.000001672000, -48.80000,
,,,0.000001674000, -48.80000,
,,,0.000001676000, -48.80000,
,,,0.000001678000, -48.80000,
,,,0.000001680000, -48.80000,
,,,0.000001682000, -48.80000,
,,,0.000001684000, -48.80000,
,,,0.000001686000, -48.80000,
,,,0.000001688000, -48.80000,
,,,0.000001690000, -48.80000,
,,,0.000001692000, -48.80000,
,,,0.000001694000, -48.80000,
,,,0.000001696000, -48.80000,
,,,0.000001698000, -48.80000,
,,,0.000001700000, -48.80000,
,,,0.000001702000, -48.80000,
,,,0.000001704000, -48.80000,
,,,0.000001706000, -48.80000,
,,,0.000001708000, -48.80000,
,,,0.000001710000, -48.80000,
,,,0.000001712000, -48.80000,
,,,0.000001714000, -48.80000,
,,,0.000001716000, -48.80000,
,,,0.000001718000, -48.80000,
,,,0.000001720000, -48.80000,
,,,0.000001722000, -48.80000,
,,,0.000001724000, -48.80000,
,,,0.000001726000, -48.80000,
,,,0.000001728000, -48.80000,
,,,0.000001730000, -48.80000,
,,,0.000001732000, -48.80000,
,,,0.000001734000, -48.80000,
,,,0.000001736000, -48.80000,
,,,0.000001738000, -48.80000,
,,,0.000001740000, -48.80000,
,,,0.000001742000, -48.80000,
,,,0.000001744000, -48.80000,
,,,0.000001746000, -48.80000,
,,,0.000001748000, -48.80000,
,,,0.000001750000, -48.80000,
,,,0.000001752000, -48.80000,
,,,0.000001754000, -48.80000,
,,,0.000001756000, -48.80000,
,,,0.000001758000, -48.80000,
,,,0.000001760000, -48.80000,
,,,0.000001762000, -48.80000,
,,,0.000001764000, -48.80000,
,,,0.000001766000, -48.80000,
,,,0.000001768000, -48.80000,
,,,0.000001770000, -48.80000,
,,,0.000001772000, -48.80000,
,,,0.000001774000, -48.80000,
,,,0.000001776000, -48.80000,
,,,0.000001778000, -48.80000,
,,,0.000001780000, -48.80000,
,,,0.000001782000, -48.80000,
,,,0.000001784000, -48.80000,
,,,0.000001786000, -48.80000,
,,,0.000001788000, -48.80000,
,,,0.000001790000, -48.80000,
,,,0.000001792000, -48.80000,
,,,0.000001794000, -48.80000,
,,,0.000001796000, -48.80000,
,,,0.000001798000, -48.80000,
,,,0.000001800000, -48.80000,
,,,0.000001802000, -48.80000,
,,,0.000001804000, -48.80000,
,,,0.000001806000, -48.80000,
,,,0.000001808000, -48.80000,
,,,0.000001810000, -48.80000,
,,,0.000001812000, -48.80000,
,,,0.000001814000, -48.80000,
,,,0.000001816000, -48.80000,
,,,0.000001818000, -48.80000,
,,,0.000001820000, -48.80000,
,,,0.000001822000, -48.80000,
,,,0.000001824000, -48.80000,
,,,0.000001826000, -48.80000,
,,,0.000001828000, -48.80000,
,,,0.000001830000, -48.80000,
,,,0.000001832000, -48.80000,
,,,0.000001834000, -48.80000,
,,,0.000001836000, -48.80000,
,,,0.000001838000, -48.80000,
,,,0.000001840000, -48.80000,
,,,0.000001842000, -48.80000,
,,,0.000001844000, -48.80000,
,,,0.000001846000, -48.80000,
,,,0.000001848000, -48.80000,
,,,0.000001850000, -48.80000,
,,,0.000001852000, -48.80000,
,,,0.000001854000, -48.80000,
,,,0.000001856000, -48.80000,
,,,0.000001858000, -48.80000,
,,,0.000001860000, -48.80000,
,,,0.000001862000, -48.80000,
,,,0.000001864000, -48.80000,
,,,0.000001866000, -48.80000,
,,,0.000001868000, -48.80000,
,,,0.000001870000, -48.80000,
,,,0.000001872000, -48.80000,
,,,0.000001874000, -48.80000,
,,,0.000001876000, -48.80000,
,,,0.000001878000, -48.80000,
,,,0.000001880000, -48.80000,
,,,0.000001882000, -48.80000,
,,,0.000001884000, -48.80000,
,,,0.000001886000, -48.80000,
,,,0.000001888000, -48.80000,
,,,0.000001890000, -48.80000,
,,,0.000001892000, -48.80000,
,,,0.000001894000, -48.80000,
,,,0.000001896000, -48.80000,
,,,0.000001898000, -48.80000,
,,,0.000001900000, -48.80000,
,,,0.000001902000, -48.80000,
,,,0.000001904000, -48.80000,
,,,0.000001906000, -48.80000,
,,,0.000001908000, -48.80000,
,,,0.000001910000, -48.80000,
,,,0.000001912000, -48.80000,
,,,0.000001914000, -48.80000,
,,,0.000001916000, -48.80000,
,,,0.000001918000, -48.80000,
,,,0.000001920000, -48.80000,
,,,0.000001922000, -48.80000,
,,,0.000001924000, -48.80000,
,,,0.000001926000, -48.80000,
,,,0.000001928000, -48.80000,
,,,0.000001930000, -48.80000,
,,,0.000001932000, -48.80000,
,,,0.000001934000, -48.80000,
,,,0.000001936000, -48.80000,
,,,0.000001938000, -48.80000,
,,,0.000001940000, -48.80000,
,,,0.000001942000, -48.80000,
,,,0.000001944000, -48.80000,
,,,0.000001946000, -48.80000,
,,,0.000001948000, -48.80000,
,,,0.000001950000, -48.80000,
,,,0.000001952000, -48.80000,
,,,0.000001954000, -48.80000,
,,,0.000001956000, -48.80000,
,,,0.000001958000, -48.80000,
,,,0.000001960000, -48.80000,
,,,0.000001962000, -48.80000,
,,,0.000001964000, -48.80000,
,,,0.000001966000, -48.80000,
,,,0.000001968000, -48.80000,
,,,0.000001970000, -48.80000,
,,,0.000001972000, -48.80000,
,,,0.000001974000, -48.80000,
,,,0.000001976000, -48.80000,
,,,0.000001978000, -48.80000,
,,,0.000001980000, -48.80000,
,,,0.000001982000, -48.80000,
,,,0.000001984000, -48.80000,
,,,0.000001986000, -48.80000,
,,,0.000001988000, -48.80000,
,,,0.000001990000, -48.80000,
,,,0.000001992000, -48.80000,
,,,0.000001994000, -48.80000,
,,,0.000001996000, -48.80000,
,,,0.000001998000, -48.80000,
,,,0.000002000000, -48.80000,
,,,0.000002002000, -48.80000,
,,,0.000002004000, -48.80000,
,,,0.000002006000, -48.80000,
,,,0.000002008000, -48.80000,
,,,0.000002010000, -48.80000,
,,,0.000002012000, -48.80000,
,,,0.000002014000, -48.80000,
,,,0.000002016000, -48.80000,
,,,0.000002018000, -48.80000,
,,,0.000002020000, -48.80000,
,,,0.000002022000, -48.80000,
,,,0.000002024000, -48.80000,
,,,0.000002026000, -48.80000,
,,,0.000002028000, -48.80000,
,,,0.000002030000, -48.80000,
,,,0.000002032000, -48.80000,
,,,0.000002034000, -48.80000,
,,,0.000002036000, -48.80000,
,,,0.000002038000, -48.80000,
,,,0.000002040000, -48.80000,
,,,0.000002042000, -48.80000,
,,,0.000002044000, -48.80000,
,,,0.000002046000, -48.80000,
,,,0.000002048000, -48.80000,
,,,0.000002050000, -48.80000,
,,,0.000002052000, -48.80000,
,,,0.000002054000, -48.80000,
,,,0.000002056000, -48.80000,
,,,0.000002058000, -48.80000,
,,,0.000002060000, -48.80000,
,,,0.000002062000, -48.80000,
,,,0.000002064000, -48.80000,
,,,0.000002066000, -48.80000,
,,,0.000002068000, -48.80000,
,,,0.000002070000, -48.80000,
,,,0.000002072000, -48.80000,
,,,0.000002074000, -48.80000,
,,,0.000002076000, -48.80000,
,,,0.000002078000, -48.80000,
,,,0.000002080000, -48.80000,
,,,0.000002082000, -48.80000,
,,,0.000002084000, -48.80000,
,,,0.000002086000, -48.80000,
,,,0.000002088000, -48.80000,
,,,0.000002090000, -48.80000,
,,,0.000002092000, -48.80000,
,,,0.000002094000, -48.80000,
,,,0.000002096000, -48.80000,
,,,0.000002098000, -48.80000,
,,,0.000002100000, -48.80000,
,,,0.000002102000, -48.80000,
,,,0.000002104000, -48.80000,
,,,0.000002106000, -48.80000,
,,,0.000002108000, -48.80000,
,,,0.000002110000, -48.80000,
,,,0.000002112000, -48.80000,
,,,0.000002114000, -48.80000,
,,,0.000002116000, -48.80000,
,,,0.000002118000, -48.80000,
,,,0.000002120000, -48.80000,
,,,0.000002122000, -48.80000,
,,,0.000002124000, -48.80000,
,,,0.000002126000, -48.80000,
,,,0.000002128000, -48.80000,
,,,0.000002130000, -48.80000,
,,,0.000002132000, -48.80000,
,,,0.000002134000, -48.80000,
,,,0.000002136000, -48.80000,
,,,0.000002138000, -48.80000,
,,,0.000002140000, -48.80000,
,,,0.000002142000, -48.80000,
,,,0.000002144000, -48.80000,
,,,0.000002146000, -48.80000,
,,,0.000002148000, -48.80000,
,,,0.000002150000, -48.80000,
,,,0.000002152000, -48.80000,
,,,0.000002154000, -48.80000,
,,,0.000002156000, -48.80000,
,,,0.000002158000, -48.80000,
,,,0.000002160000, -48.80000,
,,,0.000002162000, -48.80000,
,,,0.000002164000, -48.80000,
,,,0.000002166000, -48.80000,
,,,0.000002168000, -48.80000,
,,,0.000002170000, -48.80000,
,,,0.000002172000, -48.80000,
,,,0.000002174000, -48.80000,
,,,0.000002176000, -48.80000,
,,,0.000002178000, -48.80000,
,,,0.000002180000, -48.80000,
,,,0.000002182000, -48.80000,
,,,0.000002184000, -48.80000,
,,,0.000002186000, -48.80000,
,,,0.000002188000, -48.80000,
,,,0.000002190000, -48.80000,
,,,0.000002192000, -48.80000,
,,,0.000002194000, -48.80000,
,,,0.000002196000, -48.80000,
,,,0.000002198000, -48.80000,
,,,0.000002200000, -48.80000,
,,,0.000002202000, -48.80000,
,,,0.000002204000, -48.80000,
,,,0.000002206000, -48.80000,
,,,0.000002208000, -48.80000,
,,,0.000002210000, -48.80000,
,,,0.000002212000, -48.80000,
,,,0.000002214000, -48.80000,
,,,0.000002216000, -48.80000,
,,,0.000002218000, -48.80000,
,,,0.000002220000, -48.80000,
,,,0.000002222000, -48.80000,
,,,0.000002224000, -48.80000,
,,,0.000002226000, -48.80000,
,,,0.000002228000, -48.80000,
,,,0.000002230000, -48.80000,
,,,0.000002232000, -48.80000,
,,,0.000002234000, -48.80000,
,,,0.000002236000, -48.80000,
,,,0.000002238000, -48.80000,
,,,0.000002240000, -48.80000,
,,,0.000002242000, -48.80000,
,,,0.000002244000, -48.80000,
,,,0.000002246000, -48.80000,
,,,0.000002248000, -48.80000,
,,,0.000002250000, -48.80000,
,,,0.000002252000, -48.80000,
,,,0.000002254000, -48.80000,
,,,0.000002256000, -48.80000,
,,,0.000002258000, -48.80000,
,,,0.000002260000, -48.80000,
,,,0.000002262000, -48.80000,
,,,0.000002264000, -48.80000,
,,,0.000002266000, -48.80000,
,,,0.000002268000, -48.80000,
,,,0.000002270000, -48.80000,
,,,0.000002272000, -48.80000,
,,,0.000002274000, -48.80000,
,,,0.000002276000, -48.80000,
,,,0.000002278000, -48.80000,
,,,0.000002280000, -48.80000,
,,,0.000002282000, -48.80000,
,,,0.000002284000, -48.80000,
,,,0.000002286000, -48.80000,
,,,0.000002288000, -48.80000,
,,,0.000002290000, -48.80000,
,,,0.000002292000, -48.80000,
,,,0.000002294000, -48.80000,
,,,0.000002296000, -48.80000,
,,,0.000002298000, -48.80000,
,,,0.000002300000, -48.80000,
,,,0.000002302000, -48.80000,
,,,0.000002304000, -48.80000,
,,,0.000002306000, -48.80000,
,,,0.000002308000, -48.80000,
,,,0.000002310000, -48.80000,
,,,0.000002312000, -48.80000,
,,,0.000002314000, -48.80000,
,,,0.000002316000, -48.80000,
,,,0.000002318000, -48.80000,
,,,0.000002320000, -48.80000,
,,,0.000002322000, -48.80000,
,,,0.000002324000, -48.80000,
,,,0.000002326000, -48.80000,
,,,0.000002328000, -48.80000,
,,,0.000002330000, -48.80000,
,,,0.000002332000, -48.80000,
,,,0.000002334000, -48.80000,
,,,0.000002336000, -48.80000,
,,,0.000002338000, -48.80000,
,,,0.000002340000, -48.80000,
,,,0.000002342000, -48.80000,
,,,0.000002344000, -48.80000,
,,,0.000002346000, -48.80000,
,,,0.000002348000, -48.80000,
,,,0.000002350000, -48.80000,
,,,0.000002352000, -48.80000,
,,,0.000002354000, -48.80000,
,,,0.000002356000, -48.80000,
,,,0.000002358000, -48.80000,
,,,0.000002360000, -48.80000,
,,,0.000002362000, -48.80000,
,,,0.000002364000, -48.80000,
,,,0.000002366000, -48.80000,
,,,0.000002368000, -48.80000,
,,,0.000002370000, -48.80000,
,,,0.000002372000, -48.80000,
,,,0.000002374000, -48.80000,
,,,0.000002376000, -48.80000,
,,,0.000002378000, -48.80000,
,,,0.000002380000, -48.80000,
,,,0.000002382000, -48.80000,
,,,0.000002384000, -48.80000,
,,,0.000002386000, -48.80000,
,,,0.000002388000, -48.80000,
,,,0.000002390000, -48.80000,
,,,0.000002392000, -48.80000,
,,,0.000002394000, -48.80000,
,,,0.000002396000, -48.80000,
,,,0.000002398000, -48.80000,
,,,0.000002400000, -48.80000,
,,,0.000002402000, -48.80000,
,,,0.000002404000, -48.80000,
,,,0.000002406000, -48.80000,
,,,0.000002408000, -48.80000,
,,,0.000002410000, -48.80000,
,,,0.000002412000, -48.80000,
,,,0.000002414000, -48.80000,
,,,0.000002416000, -48.80000,
,,,0.000002418000, -48.80000,
,,,0.000002420000, -48.80000,
,,,0.000002422000, -48.80000,
,,,0.000002424000, -48.80000,
,,,0.000002426000, -48.80000,
,,,0.000002428000, -48.80000,
,,,0.000002430000, -48.80000,
,,,0.000002432000, -48.80000,
,,,0.000002434000, -48.80000,
,,,0.000002436000, -48.80000,
,,,0.000002438000, -48.80000,
,,,0.000002440000, -48.80000,
,,,0.000002442000, -48.80000,
,,,0.000002444000, -48.80000,
,,,0.000002446000, -48.80000,
,,,0.000002448000, -48.80000,
,,,0.000002450000, -48.80000,
,,,0.000002452000, -48.80000,
,,,0.000002454000, -48.80000,
,,,0.000002456000, -48.80000,
,,,0.000002458000, -48.80000,
,,,0.000002460000, -48.80000,
,,,0.000002462000, -48.80000,
,,,0.000002464000, -48.80000,
,,,0.000002466000, -48.80000,
,,,0.000002468000, -48.80000,
,,,0.000002470000, -48.80000,
,,,0.000002472000, -48.80000,
,,,0.000002474000, -48.80000,
,,,0.000002476000, -48.80000,
,,,0.000002478000, -48.80000,
,,,0.000002480000, -48.80000,
,,,0.000002482000, -48.80000,
,,,0.000002484000, -48.80000,
,,,0.000002486000, -48.80000,
,,,0.000002488000, -48.80000,
,,,0.000002490000, -48.80000,
,,,0.000002492000, -48.80000,
,,,0.000002494000, -48.80000,
,,,0.000002496000, -48.80000,
,,,0.000002498000, -48.80000,
,,,0.000002500000, -48.80000,
,,,0.000002502000, -48.80000,
,,,0.000002504000, -48.80000,
,,,0.000002506000, -48.80000,
,,,0.000002508000, -48.80000,
,,,0.000002510000, -48.80000,
,,,0.000002512000, -48.80000,
,,,0.000002514000, -48.80000,
,,,0.000002516000, -48.80000,
,,,0.000002518000, -48.80000,
,,,0.000002520000, -48.80000,
,,,0.000002522000, -48.80000,
,,,0.000002524000, -48.80000,
,,,0.000002526000, -48.80000,
,,,0.000002528000, -48.80000,
,,,0.000002530000, -48.80000,
,,,0.000002532000, -48.80000,
,,,0.000002534000, -48.80000,
,,,0.000002536000, -48.80000,
,,,0.000002538000, -48.80000,
,,,0.000002540000, -48.80000,
,,,0.000002542000, -48.80000,
,,,0.000002544000, -48.80000,
,,,0.000002546000, -48.80000,
,,,0.000002548000, -48.80000,
,,,0.000002550000, -48.80000,
,,,0.000002552000, -48.80000,
,,,0.000002554000, -48.80000,
,,,0.000002556000, -48.80000,
,,,0.000002558000, -48.80000,
,,,0.000002560000, -48.80000,
,,,0.000002562000, -48.80000,
,,,0.000002564000, -48.80000,
,,,0.000002566000, -48.80000,
,,,0.000002568000, -48.80000,
,,,0.000002570000, -48.80000,
,,,0.000002572000, -48.80000,
,,,0.000002574000, -48.80000,
,,,0.000002576000, -48.80000,
,,,0.000002578000, -48.80000,
,,,0.000002580000, -48.80000,
,,,0.000002582000, -48.80000,
,,,0.000002584000, -48.80000,
,,,0.000002586000, -48.80000,
,,,0.000002588000, -48.80000,
,,,0.000002590000, -48.80000,
,,,0.000002592000, -48.80000,
,,,0.000002594000, -48.80000,
,,,0.000002596000, -48.80000,
,,,0.000002598000, -48.80000,
,,,0.000002600000, -48.80000,
,,,0.000002602000, -48.80000,
,,,0.000002604000, -48.80000,
,,,0.000002606000, -48.80000,
,,,0.000002608000, -48.80000,
,,,0.000002610000, -48.80000,
,,,0.000002612000, -48.80000,
,,,0.000002614000, -48.80000,
,,,0.000002616000, -48.80000,
,,,0.000002618000, -48.80000,
,,,0.000002620000, -48.80000,
,,,0.000002622000, -48.80000,
,,,0.000002624000, -48.80000,
,,,0.000002626000, -48.80000,
,,,0.000002628000, -48.80000,
,,,0.000002630000, -48.80000,
,,,0.000002632000, -48.80000,
,,,0.000002634000, -48.80000,
,,,0.000002636000, -48.80000,
,,,0.000002638000, -48.80000,
,,,0.000002640000, -48.80000,
,,,0.000002642000, -48.80000,
,,,0.000002644000, -48.80000,
,,,0.000002646000, -48.80000,
,,,0.000002648000, -48.80000,
,,,0.000002650000, -48.80000,
,,,0.000002652000, -48.80000,
,,,0.000002654000, -48.80000,
,,,0.000002656000, -48.80000,
,,,0.000002658000, -48.80000,
,,,0.000002660000, -48.80000,
,,,0.000002662000, -48.80000,
,,,0.000002664000, -48.80000,
,,,0.000002666000, -48.80000,
,,,0.000002668000, -48.80000,
,,,0.000002670000, -48.80000,
,,,0.000002672000, -48.80000,
,,,0.000002674000, -48.80000,
,,,0.000002676000, -48.80000,
,,,0.000002678000, -48.80000,
,,,0.000002680000, -48.80000,
,,,0.000002682000, -48.80000,
,,,0.000002684000, -48.80000,
,,,0.000002686000, -48.80000,
,,,0.000002688000, -48.80000,
,,,0.000002690000, -48.80000,
,,,0.000002692000, -48.80000,
,,,0.000002694000, -48.80000,
,,,0.000002696000, -48.80000,
,,,0.000002698000, -48.80000,
,,,0.000002700000, -48.80000,
,,,0.000002702000, -48.80000,
,,,0.000002704000, -48.80000,
,,,0.000002706000, -48.80000,
,,,0.000002708000, -48.80000,
,,,0.000002710000, -48.80000,
,,,0.000002712000, -48.80000,
,,,0.000002714000, -48.80000,
,,,0.000002716000, -48.80000,
,,,0.000002718000, -48.80000,
,,,0.000002720000, -48.80000,
,,,0.000002722000, -48.80000,
,,,0.000002724000, -48.80000,
,,,0.000002726000, -48.80000,
,,,0.000002728000, -48.80000,
,,,0.000002730000, -48.80000,
,,,0.000002732000, -48.80000,
,,,0.000002734000, -48.80000,
,,,0.000002736000, -48.80000,
,,,0.000002738000, -48.80000,
,,,0.000002740000, -48.80000,
,,,0.000002742000, -48.80000,
,,,0.000002744000, -48.80000,
,,,0.000002746000, -48.80000,
,,,0.000002748000, -48.80000,
,,,0.000002750000, -48.80000,
,,,0.000002752000, -48.80000,
,,,0.000002754000, -48.80000,
,,,0.000002756000, -48.80000,
,,,0.000002758000, -48.80000,
,,,0.000002760000, -48.80000,
,,,0.000002762000, -48.80000,
,,,0.000002764000, -48.80000,
,,,0.000002766000, -48.80000,
,,,0.000002768000, -48.80000,
,,,0.000002770000, -48.80000,
,,,0.000002772000, -48.80000,
,,,0.000002774000, -48.80000,
,,,0.000002776000, -48.80000,
,,,0.000002778000, -48.80000,
,,,0.000002780000, -48.80000,
,,,0.000002782000, -48.80000,
,,,0.000002784000, -48.80000,
,,,0.000002786000, -48.80000,
,,,0.000002788000, -48.80000,
,,,0.000002790000, -48.80000,
,,,0.000002792000, -48.80000,
,,,0.000002794000, -48.80000,
,,,0.000002796000, -48.80000,
,,,0.000002798000, -48.80000,
,,,0.000002800000, -48.80000,
,,,0.000002802000, -48.80000,
,,,0.000002804000, -48.80000,
,,,0.000002806000, -48.80000,
,,,0.000002808000, -48.80000,
,,,0.000002810000, -48.80000,
,,,0.000002812000, -48.80000,
,,,0.000002814000, -48.80000,
,,,0.000002816000, -48.80000,
,,,0.000002818000, -48.80000,
,,,0.000002820000, -48.80000,
,,,0.000002822000, -48.80000,
,,,0.000002824000, -48.80000,
,,,0.000002826000, -48.80000,
,,,0.000002828000, -48.80000,
,,,0.000002830000, -48.80000,
,,,0.000002832000, -48.80000,
,,,0.000002834000, -48.80000,
,,,0.000002836000, -48.80000,
,,,0.000002838000, -48.80000,
,,,0.000002840000, -48.80000,
,,,0.000002842000, -48.80000,
,,,0.000002844000, -48.80000,
,,,0.000002846000, -48.80000,
,,,0.000002848000, -48.80000,
,,,0.000002850000, -48.80000,
,,,0.000002852000, -48.80000,
,,,0.000002854000, -48.80000,
,,,0.000002856000, -48.80000,
,,,0.000002858000, -48.80000,
,,,0.000002860000, -48.80000,
,,,0.000002862000, -48.80000,
,,,0.000002864000, -48.80000,
,,,0.000002866000, -48.80000,
,,,0.000002868000, -48.80000,
,,,0.000002870000, -48.80000,
,,,0.000002872000, -48.80000,
,,,0.000002874000, -48.80000,
,,,0.000002876000, -48.80000,
,,,0.000002878000, -48.80000,
,,,0.000002880000, -48.80000,
,,,0.000002882000, -48.80000,
,,,0.000002884000, -48.80000,
,,,0.000002886000, -48.80000,
,,,0.000002888000, -48.80000,
,,,0.000002890000, -48.80000,
,,,0.000002892000, -48.80000,
,,,0.000002894000, -48.80000,
,,,0.000002896000, -48.80000,
,,,0.000002898000, -48.80000,
,,,0.000002900000, -48.80000,
,,,0.000002902000, -48.80000,
,,,0.000002904000, -48.80000,
,,,0.000002906000, -48.80000,
,,,0.000002908000, -48.80000,
,,,0.000002910000, -48.80000,
,,,0.000002912000, -48.80000,
,,,0.000002914000, -48.80000,
,,,0.000002916000, -48.80000,
,,,0.000002918000, -48.80000,
,,,0.000002920000, -48.80000,
,,,0.000002922000, -48.80000,
,,,0.000002924000, -48.80000,
,,,0.000002926000, -48.80000,
,,,0.000002928000, -48.80000,
,,,0.000002930000, -48.80000,
,,,0.000002932000, -48.80000,
,,,0.000002934000, -48.80000,
,,,0.000002936000, -48.80000,
,,,0.000002938000, -48.80000,
,,,0.000002940000, -48.80000,
,,,0.000002942000, -48.80000,
,,,0.000002944000, -48.80000,
,,,0.000002946000, -48.80000,
,,,0.000002948000, -48.80000,
,,,0.000002950000, -48.80000,
,,,0.000002952000, -48.80000,
,,,0.000002954000, -48.80000,
,,,0.000002956000, -48.80000,
,,,0.000002958000, -48.80000,
,,,0.000002960000, -48.80000,
,,,0.000002962000, -48.80000,
,,,0.000002964000, -48.80000,
,,,0.000002966000, -48.80000,
,,,0.000002968000, -48.80000,
,,,0.000002970000, -48.80000,
,,,0.000002972000, -48.80000,
,,,0.000002974000, -48.80000,
,,,0.000002976000, -48.80000,
,,,0.000002978000, -48.80000,
,,,0.000002980000, -48.80000,
,,,0.000002982000, -48.80000,
,,,0.000002984000, -48.80000,
,,,0.000002986000, -48.80000,
,,,0.000002988000, -48.80000,
,,,0.000002990000, -48.80000,
,,,0.000002992000, -48.80000,
,,,0.000002994000, -48.80000,
,,,0.000002996000, -48.80000,
,,,0.000002998000, -48.80000,
,,,0.000003000000, -48.80000,
,,,0.000003002000, -48.80000,
,,,0.000003004000, -48.80000,
,,,0.000003006000, -48.80000,
,,,0.000003008000, -48.80000,
,,,0.000003010000, -48.80000,
,,,0.000003012000, -48.80000,
,,,0.000003014000, -48.80000,
,,,0.000003016000, -48.80000,
,,,0.000003018000, -48.80000,
,,,0.000003020000, -48.80000,
,,,0.000003022000, -48.80000,
,,,0.000003024000, -48.80000,
,,,0.000003026000, -48.80000,
,,,0.000003028000, -48.80000,
,,,0.000003030000, -48.80000,
,,,0.000003032000, -48.80000,
,,,0.000003034000, -48.80000,
,,,0.000003036000, -48.80000,
,,,0.000003038000, -48.80000,
,,,0.000003040000, -48.80000,
,,,0.000003042000, -48.80000,
,,,0.000003044000, -48.80000,
,,,0.000003046000, -48.80000,
,,,0.000003048000, -48.80000,
,,,0.000003050000, -48.80000,
,,,0.000003052000, -48.80000,
,,,0.000003054000, -48.80000,
,,,0.000003056000, -48.80000,
,,,0.000003058000, -48.80000,
,,,0.000003060000, -48.80000,
,,,0.000003062000, -48.80000,
,,,0.000003064000, -48.80000,
,,,0.000003066000, -48.80000,
,,,0.000003068000, -48.80000,
,,,0.000003070000, -48.80000,
,,,0.000003072000, -48.80000,
,,,0.000003074000, -48.80000,
,,,0.000003076000, -48.80000,
,,,0.000003078000, -48.80000,
,,,0.000003080000, -48.80000,
,,,0.000003082000, -48.80000,
,,,0.000003084000, -48.80000,
,,,0.000003086000, -48.80000,
,,,0.000003088000, -48.80000,
,,,0.000003090000, -48.80000,
,,,0.000003092000, -48.80000,
,,,0.000003094000, -48.80000,
,,,0.000003096000, -48.80000,
,,,0.000003098000, -48.80000,
,,,0.000003100000, -48.80000,
,,,0.000003102000, -48.80000,
,,,0.000003104000, -48.80000,
,,,0.000003106000, -48.80000,
,,,0.000003108000, -48.80000,
,,,0.000003110000, -48.80000,
,,,0.000003112000, -48.80000,
,,,0.000003114000, -48.80000,
,,,0.000003116000, -48.80000,
,,,0.000003118000, -48.80000,
,,,0.000003120000, -48.80000,
,,,0.000003122000, -48.80000,
,,,0.000003124000, -48.80000,
,,,0.000003126000, -48.80000,
,,,0.000003128000, -48.80000,
,,,0.000003130000, -48.80000,
,,,0.000003132000, -48.80000,
,,,0.000003134000, -48.80000,
,,,0.000003136000, -48.80000,
,,,0.000003138000, -48.80000,
,,,0.000003140000, -48.80000,
,,,0.000003142000, -48.80000,
,,,0.000003144000, -48.80000,
,,,0.000003146000, -48.80000,
,,,0.000003148000, -48.80000,
,,,0.000003150000, -48.80000,
,,,0.000003152000, -48.80000,
,,,0.000003154000, -48.80000,
,,,0.000003156000, -48.80000,
,,,0.000003158000, -48.80000,
,,,0.000003160000, -48.80000,
,,,0.000003162000, -48.80000,
,,,0.000003164000, -48.80000,
,,,0.000003166000, -48.80000,
,,,0.000003168000, -48.80000,
,,,0.000003170000, -48.80000,
,,,0.000003172000, -48.80000,
,,,0.000003174000, -48.80000,
,,,0.000003176000, -48.80000,
,,,0.000003178000, -48.80000,
,,,0.000003180000, -48.80000,
,,,0.000003182000, -48.80000,
,,,0.000003184000, -48.80000,
,,,0.000003186000, -48.80000,
,,,0.000003188000, -48.80000,
,,,0.000003190000, -48.80000,
,,,0.000003192000, -48.80000,
,,,0.000003194000, -48.80000,
,,,0.000003196000, -48.80000,
,,,0.000003198000, -48.80000,
,,,0.000003200000, -48.80000,
,,,0.000003202000, -48.80000,
,,,0.000003204000, -48.80000,
,,,0.000003206000, -48.80000,
,,,0.000003208000, -48.80000,
,,,0.000003210000, -48.80000,
,,,0.000003212000, -48.80000,
,,,0.000003214000, -48.80000,
,,,0.000003216000, -48.80000,
,,,0.000003218000, -48.80000,
,,,0.000003220000, -48.80000,
,,,0.000003222000, -48.80000,
,,,0.000003224000, -48.80000,
,,,0.000003226000, -48.80000,
,,,0.000003228000, -48.80000,
,,,0.000003230000, -48.80000,
,,,0.000003232000, -48.80000,
,,,0.000003234000, -48.80000,
,,,0.000003236000, -48.80000,
,,,0.000003238000, -48.80000,
,,,0.000003240000, -48.80000,
,,,0.000003242000, -48.80000,
,,,0.000003244000, -48.80000,
,,,0.000003246000, -48.80000,
,,,0.000003248000, -48.80000,
,,,0.000003250000, -48.80000,
,,,0.000003252000, -48.80000,
,,,0.000003254000, -48.80000,
,,,0.000003256000, -48.80000,
,,,0.000003258000, -48.80000,
,,,0.000003260000, -48.80000,
,,,0.000003262000, -48.80000,
,,,0.000003264000, -48.80000,
,,,0.000003266000, -48.80000,
,,,0.000003268000, -48.80000,
,,,0.000003270000, -48.80000,
,,,0.000003272000, -48.80000,
,,,0.000003274000, -48.80000,
,,,0.000003276000, -48.80000,
,,,0.000003278000, -48.80000,
,,,0.000003280000, -48.80000,
,,,0.000003282000, -48.80000,
,,,0.000003284000, -48.80000,
,,,0.000003286000, -48.80000,
,,,0.000003288000, -48.80000,
,,,0.000003290000, -48.80000,
,,,0.000003292000, -48.80000,
,,,0.000003294000, -48.80000,
,,,0.000003296000, -48.80000,
,,,0.000003298000, -48.80000,
,,,0.000003300000, -48.80000,
,,,0.000003302000, -48.80000,
,,,0.000003304000, -48.80000,
,,,0.000003306000, -48.80000,
,,,0.000003308000, -48.80000,
,,,0.000003310000, -48.80000,
,,,0.000003312000, -48.80000,
,,,0.000003314000, -48.80000,
,,,0.000003316000, -48.80000,
,,,0.000003318000, -48.80000,
,,,0.000003320000, -48.80000,
,,,0.000003322000, -48.80000,
,,,0.000003324000, -48.80000,
,,,0.000003326000, -48.80000,
,,,0.000003328000, -48.80000,
,,,0.000003330000, -48.80000,
,,,0.000003332000, -48.80000,
,,,0.000003334000, -48.80000,
,,,0.000003336000, -48.80000,
,,,0.000003338000, -48.80000,
,,,0.000003340000, -48.80000,
,,,0.000003342000, -48.80000,
,,,0.000003344000, -48.80000,
,,,0.000003346000, -48.80000,
,,,0.000003348000, -48.80000,
,,,0.000003350000, -48.80000,
,,,0.000003352000, -48.80000,
,,,0.000003354000, -48.80000,
,,,0.000003356000, -48.80000,
,,,0.000003358000, -48.80000,
,,,0.000003360000, -48.80000,
,,,0.000003362000, -48.80000,
,,,0.000003364000, -48.80000,
,,,0.000003366000, -48.80000,
,,,0.000003368000, -48.80000,
,,,0.000003370000, -48.80000,
,,,0.000003372000, -48.80000,
,,,0.000003374000, -48.80000,
,,,0.000003376000, -48.80000,
,,,0.000003378000, -48.80000,
,,,0.000003380000, -48.80000,
,,,0.000003382000, -48.80000,
,,,0.000003384000, -48.80000,
,,,0.000003386000, -48.80000,
,,,0.000003388000, -48.80000,
,,,0.000003390000, -48.80000,
,,,0.000003392000, -48.80000,
,,,0.000003394000, -48.80000,
,,,0.000003396000, -48.80000,
,,,0.000003398000, -48.80000,
,,,0.000003400000, -48.80000,
,,,0.000003402000, -48.80000,
,,,0.000003404000, -48.80000,
,,,0.000003406000, -48.80000,
,,,0.000003408000, -48.80000,
,,,0.000003410000, -48.80000,
,,,0.000003412000, -48.80000,
,,,0.000003414000, -48.80000,
,,,0.000003416000, -48.80000,
,,,0.000003418000, -48.80000,
,,,0.000003420000, -48.80000,
,,,0.000003422000, -48.80000,
,,,0.000003424000, -48.80000,
,,,0.000003426000, -48.80000,
,,,0.000003428000, -48.80000,
,,,0.000003430000, -48.80000,
,,,0.000003432000, -48.80000,
,,,0.000003434000, -48.80000,
,,,0.000003436000, -48.80000,
,,,0.000003438000, -48.80000,
,,,0.000003440000, -48.80000,
,,,0.000003442000, -48.80000,
,,,0.000003444000, -48.80000,
,,,0.000003446000, -48.80000,
,,,0.000003448000, -48.80000,
,,,0.000003450000, -48.80000,
,,,0.000003452000, -48.80000,
,,,0.000003454000, -48.80000,
,,,0.000003456000, -48.80000,
,,,0.000003458000, -48.80000,
,,,0.000003460000, -48.80000,
,,,0.000003462000, -48.80000,
,,,0.000003464000, -48.80000,
,,,0.000003466000, -48.80000,
,,,0.000003468000, -48.80000,
,,,0.000003470000, -48.80000,
,,,0.000003472000, -48.80000,
,,,0.000003474000, -48.80000,
,,,0.000003476000, -48.80000,
,,,0.000003478000, -48.80000,
,,,0.000003480000, -48.80000,
,,,0.000003482000, -48.80000,
,,,0.000003484000, -48.80000,
,,,0.000003486000, -48.80000,
,,,0.000003488000, -48.80000,
,,,0.000003490000, -48.80000,
,,,0.000003492000, -48.80000,
,,,0.000003494000, -48.80000,
,,,0.000003496000, -48.80000,
,,,0.000003498000, -48.80000,
,,,0.000003500000, -48.80000,
,,,0.000003502000, -48.80000,
,,,0.000003504000, -48.80000,
,,,0.000003506000, -48.80000,
,,,0.000003508000, -48.80000,
,,,0.000003510000, -48.80000,
,,,0.000003512000, -48.80000,
,,,0.000003514000, -48.80000,
,,,0.000003516000, -48.80000,
,,,0.000003518000, -48.80000,
,,,0.000003520000, -48.80000,
,,,0.000003522000, -48.80000,
,,,0.000003524000, -48.80000,
,,,0.000003526000, -48.80000,
,,,0.000003528000, -48.80000,
,,,0.000003530000, -48.80000,
,,,0.000003532000, -48.80000,
,,,0.000003534000, -48.80000,
,,,0.000003536000, -48.80000,
,,,0.000003538000, -48.80000,
,,,0.000003540000, -48.80000,
,,,0.000003542000, -48.80000,
,,,0.000003544000, -48.80000,
,,,0.000003546000, -48.80000,
,,,0.000003548000, -48.80000,
,,,0.000003550000, -48.80000,
,,,0.000003552000, -48.80000,
,,,0.000003554000, -48.80000,
,,,0.000003556000, -48.80000,
,,,0.000003558000, -48.80000,
,,,0.000003560000, -48.80000,
,,,0.000003562000, -48.80000,
,,,0.000003564000, -48.80000,
,,,0.000003566000, -48.80000,
,,,0.000003568000, -48.80000,
,,,0.000003570000, -48.80000,
,,,0.000003572000, -48.80000,
,,,0.000003574000, -48.80000,
,,,0.000003576000, -48.80000,
,,,0.000003578000, -48.80000,
,,,0.000003580000, -48.80000,
,,,0.000003582000, -48.80000,
,,,0.000003584000, -48.80000,
,,,0.000003586000, -48.80000,
,,,0.000003588000, -48.80000,
,,,0.000003590000, -48.80000,
,,,0.000003592000, -48.80000,
,,,0.000003594000, -48.80000,
,,,0.000003596000, -48.80000,
,,,0.000003598000, -48.80000,
,,,0.000003600000, -48.80000,
,,,0.000003602000, -48.80000,
,,,0.000003604000, -48.80000,
,,,0.000003606000, -48.80000,
,,,0.000003608000, -48.80000,
,,,0.000003610000, -48.80000,
,,,0.000003612000, -48.80000,
,,,0.000003614000, -48.80000,
,,,0.000003616000, -48.80000,
,,,0.000003618000, -48.80000,
,,,0.000003620000, -48.80000,
,,,0.000003622000, -48.80000,
,,,0.000003624000, -48.80000,
,,,0.000003626000, -48.80000,
,,,0.000003628000, -48.80000,
,,,0.000003630000, -48.80000,
,,,0.000003632000, -48.80000,
,,,0.000003634000, -48.80000,
,,,0.000003636000, -48.80000,
,,,0.000003638000, -48.80000,
,,,0.000003640000, -48.80000,
,,,0.000003642000, -48.80000,
,,,0.000003644000, -48.80000,
,,,0.000003646000, -48.80000,
,,,0.000003648000, -48.80000,
,,,0.000003650000, -48.80000,
,,,0.000003652000, -48.80000,
,,,0.000003654000, -48.80000,
,,,0.000003656000, -48.80000,
,,,0.000003658000, -48.80000,
,,,0.000003660000, -48.80000,
,,,0.000003662000, -48.80000,
,,,0.000003664000, -48.80000,
,,,0.000003666000, -48.80000,
,,,0.000003668000, -48.80000,
,,,0.000003670000, -48.80000,
,,,0.000003672000, -48.80000,
,,,0.000003674000, -48.80000,
,,,0.000003676000, -48.80000,
,,,0.000003678000, -48.80000,
,,,0.000003680000, -48.80000,
,,,0.000003682000, -48.80000,
,,,0.000003684000, -48.80000,
,,,0.000003686000, -48.80000,
,,,0.000003688000, -48.80000,
,,,0.000003690000, -48.80000,
,,,0.000003692000, -48.80000,
,,,0.000003694000, -48.80000,
,,,0.000003696000, -48.80000,
,,,0.000003698000, -48.80000,
,,,0.000003700000, -48.80000,
,,,0.000003702000, -48.80000,
,,,0.000003704000, -48.80000,
,,,0.000003706000, -48.80000,
,,,0.000003708000, -48.80000,
,,,0.000003710000, -48.80000,
,,,0.000003712000, -48.80000,
,,,0.000003714000, -48.80000,
,,,0.000003716000, -48.80000,
,,,0.000003718000, -48.80000,
,,,0.000003720000, -48.80000,
,,,0.000003722000, -48.80000,
,,,0.000003724000, -48.80000,
,,,0.000003726000, -48.80000,
,,,0.000003728000, -48.80000,
,,,0.000003730000, -48.80000,
,,,0.000003732000, -48.80000,
,,,0.000003734000, -48.80000,
,,,0.000003736000, -48.80000,
,,,0.000003738000, -48.80000,
,,,0.000003740000, -48.80000,
,,,0.000003742000, -48.80000,
,,,0.000003744000, -48.80000,
,,,0.000003746000, -48.80000,
,,,0.000003748000, -48.80000,
,,,0.000003750000, -48.80000,
,,,0.000003752000, -48.80000,
,,,0.000003754000, -48.80000,
,,,0.000003756000, -48.80000,
,,,0.000003758000, -48.80000,
,,,0.000003760000, -48.80000,
,,,0.000003762000, -48.80000,
,,,0.000003764000, -48.80000,
,,,0.000003766000, -48.80000,
,,,0.000003768000, -48.80000,
,,,0.000003770000, -48.80000,
,,,0.000003772000, -48.80000,
,,,0.000003774000, -48.80000,
,,,0.000003776000, -48.80000,
,,,0.000003778000, -48.80000,
,,,0.000003780000, -48.80000,
,,,0.000003782000, -48.80000,
,,,0.000003784000, -48.80000,
,,,0.000003786000, -48.80000,
,,,0.000003788000, -48.80000,
,,,0.000003790000, -48.80000,
,,,0.000003792000, -48.80000,
,,,0.000003794000, -48.80000,
,,,0.000003796000, -48.80000,
,,,0.000003798000, -48.80000,
,,,0.000003800000, -48.80000,
,,,0.000003802000, -48.80000,
,,,0.000003804000, -48.80000,
,,,0.000003806000, -48.80000,
,,,0.000003808000, -48.80000,
,,,0.000003810000, -48.80000,
,,,0.000003812000, -48.80000,
,,,0.000003814000, -48.80000,
,,,0.000003816000, -48.80000,
,,,0.000003818000, -48.80000,
,,,0.000003820000, -48.80000,
,,,0.000003822000, -48.80000,
,,,0.000003824000, -48.80000,
,,,0.000003826000, -48.80000,
,,,0.000003828000, -48.80000,
,,,0.000003830000, -48.80000,
,,,0.000003832000, -48.80000,
,,,0.000003834000, -48.80000,
,,,0.000003836000, -48.80000,
,,,0.000003838000, -48.80000,
,,,0.000003840000, -48.80000,
,,,0.000003842000, -48.80000,
,,,0.000003844000, -48.80000,
,,,0.000003846000, -48.80000,
,,,0.000003848000, -48.80000,
,,,0.000003850000, -48.80000,
,,,0.000003852000, -48.80000,
,,,0.000003854000, -48.80000,
,,,0.000003856000, -48.80000,
,,,0.000003858000, -48.80000,
,,,0.000003860000, -48.80000,
,,,0.000003862000, -48.80000,
,,,0.000003864000, -48.80000,
,,,0.000003866000, -48.80000,
,,,0.000003868000, -48.80000,
,,,0.000003870000, -48.80000,
,,,0.000003872000, -48.80000,
,,,0.000003874000, -48.80000,
,,,0.000003876000, -48.80000,
,,,0.000003878000, -48.80000,
,,,0.000003880000, -48.80000,
,,,0.000003882000, -48.80000,
,,,0.000003884000, -48.80000,
,,,0.000003886000, -48.80000,
,,,0.000003888000, -48.80000,
,,,0.000003890000, -48.80000,
,,,0.000003892000, -48.80000,
,,,0.000003894000, -48.80000,
,,,0.000003896000, -48.80000,
,,,0.000003898000, -48.80000,
,,,0.000003900000, -48.80000,
,,,0.000003902000, -48.80000,
,,,0.000003904000, -48.80000,
,,,0.000003906000, -48.80000,
,,,0.000003908000, -48.80000,
,,,0.000003910000, -48.80000,
,,,0.000003912000, -48.80000,
,,,0.000003914000, -48.80000,
,,,0.000003916000, -48.80000,
,,,0.000003918000, -48.80000,
,,,0.000003920000, -48.80000,
,,,0.000003922000, -48.80000,
,,,0.000003924000, -48.80000,
,,,0.000003926000, -48.80000,
,,,0.000003928000, -48.80000,
,,,0.000003930000, -48.80000,
,,,0.000003932000, -48.80000,
,,,0.000003934000, -48.80000,
,,,0.000003936000, -48.80000,
,,,0.000003938000, -48.80000,
,,,0.000003940000, -48.80000,
,,,0.000003942000, -48.80000,
,,,0.000003944000, -48.80000,
,,,0.000003946000, -48.80000,
,,,0.000003948000, -48.80000,
,,,0.000003950000, -48.80000,
,,,0.000003952000, -48.80000,
,,,0.000003954000, -48.80000,
,,,0.000003956000, -48.80000,
,,,0.000003958000, -48.80000,
,,,0.000003960000, -48.80000,
,,,0.000003962000, -48.80000,
,,,0.000003964000, -48.80000,
,,,0.000003966000, -48.80000,
,,,0.000003968000, -48.80000,
,,,0.000003970000, -48.80000,
,,,0.000003972000, -48.80000,
,,,0.000003974000, -48.80000,
,,,0.000003976000, -48.80000,
,,,0.000003978000, -48.80000,
,,,0.000003980000, -48.80000,
,,,0.000003982000, -48.80000,
,,,0.000003984000, -48.80000,
,,,0.000003986000, -48.80000,
,,,0.000003988000, -48.80000,
,,,0.000003990000, -48.80000,
,,,0.000003992000, -48.80000,
,,,0.000003994000, -48.80000,
,,,0.000003996000, -48.80000,
,,,0.000003998000, -48.80000,
,,,0.000004000000, -48.80000,
,,,0.000004002000, -48.80000,
,,,0.000004004000, -48.80000,
,,,0.000004006000, -48.80000,
,,,0.000004008000, -48.80000,
,,,0.000004010000, -48.80000,
,,,0.000004012000, -48.80000,
,,,0.000004014000, -48.80000,
,,,0.000004016000, -48.80000,
,,,0.000004018000, -48.80000,
,,,0.000004020000, -48.80000,
,,,0.000004022000, -48.80000,
,,,0.000004024000, -48.80000,
,,,0.000004026000, -48.80000,
,,,0.000004028000, -48.80000,
,,,0.000004030000, -48.80000,
,,,0.000004032000, -48.80000,
,,,0.000004034000, -48.80000,
,,,0.000004036000, -48.80000,
,,,0.000004038000, -48.80000,
,,,0.000004040000, -48.80000,
,,,0.000004042000, -48.80000,
,,,0.000004044000, -48.80000,
,,,0.000004046000, -48.80000,
,,,0.000004048000, -48.80000,
,,,0.000004050000, -48.80000,
,,,0.000004052000, -48.80000,
,,,0.000004054000, -48.80000,
,,,0.000004056000, -48.80000,
,,,0.000004058000, -48.80000,
,,,0.000004060000, -48.80000,
,,,0.000004062000, -48.80000,
,,,0.000004064000, -48.80000,
,,,0.000004066000, -48.80000,
,,,0.000004068000, -48.80000,
,,,0.000004070000, -48.80000,
,,,0.000004072000, -48.80000,
,,,0.000004074000, -48.80000,
,,,0.000004076000, -48.80000,
,,,0.000004078000, -48.80000,
,,,0.000004080000, -48.80000,
,,,0.000004082000, -48.80000,
,,,0.000004084000, -48.80000,
,,,0.000004086000, -48.80000,
,,,0.000004088000, -48.80000,
,,,0.000004090000, -48.80000,
,,,0.000004092000, -48.80000,
,,,0.000004094000, -48.80000,
,,,0.000004096000, -48.80000,
,,,0.000004098000, -48.80000,
,,,0.000004100000, -48.80000,
,,,0.000004102000, -48.80000,
,,,0.000004104000, -48.80000,
,,,0.000004106000, -48.80000,
,,,0.000004108000, -48.80000,
,,,0.000004110000, -48.80000,
,,,0.000004112000, -48.80000,
,,,0.000004114000, -48.80000,
,,,0.000004116000, -48.80000,
,,,0.000004118000, -48.80000,
,,,0.000004120000, -48.80000,
,,,0.000004122000, -48.80000,
,,,0.000004124000, -48.80000,
,,,0.000004126000, -48.80000,
,,,0.000004128000, -48.80000,
,,,0.000004130000, -48.80000,
,,,0.000004132000, -48.80000,
,,,0.000004134000, -48.80000,
,,,0.000004136000, -48.80000,
,,,0.000004138000, -48.80000,
,,,0.000004140000, -48.80000,
,,,0.000004142000, -48.80000,
,,,0.000004144000, -48.80000,
,,,0.000004146000, -48.80000,
,,,0.000004148000, -48.80000,
,,,0.000004150000, -48.80000,
,,,0.000004152000, -48.80000,
,,,0.000004154000, -48.80000,
,,,0.000004156000, -48.80000,
,,,0.000004158000, -48.80000,
,,,0.000004160000, -48.80000,
,,,0.000004162000, -48.80000,
,,,0.000004164000, -48.80000,
,,,0.000004166000, -48.80000,
,,,0.000004168000, -48.80000,
,,,0.000004170000, -48.80000,
,,,0.000004172000, -48.80000,
,,,0.000004174000, -48.80000,
,,,0.000004176000, -48.80000,
,,,0.000004178000, -48.80000,
,,,0.000004180000, -48.80000,
,,,0.000004182000, -48.80000,
,,,0.000004184000, -48.80000,
,,,0.000004186000, -48.80000,
,,,0.000004188000, -48.80000,
,,,0.000004190000, -48.80000,
,,,0.000004192000, -48.80000,
,,,0.000004194000, -48.80000,
,,,0.000004196000, -48.80000,
,,,0.000004198000, -48.80000,
,,,0.000004200000, -48.80000,
,,,0.000004202000, -48.80000,
,,,0.000004204000, -48.80000,
,,,0.000004206000, -48.80000,
,,,0.000004208000, -48.80000,
,,,0.000004210000, -48.80000,
,,,0.000004212000, -48.80000,
,,,0.000004214000, -48.80000,
,,,0.000004216000, -48.80000,
,,,0.000004218000, -48.80000,
,,,0.000004220000, -48.80000,
,,,0.000004222000, -48.80000,
,,,0.000004224000, -48.80000,
,,,0.000004226000, -48.80000,
,,,0.000004228000, -48.80000,
,,,0.000004230000, -48.80000,
,,,0.000004232000, -48.80000,
,,,0.000004234000, -48.80000,
,,,0.000004236000, -48.80000,
,,,0.000004238000, -48.80000,
,,,0.000004240000, -48.80000,
,,,0.000004242000, -48.80000,
,,,0.000004244000, -48.80000,
,,,0.000004246000, -48.80000,
,,,0.000004248000, -48.80000,
,,,0.000004250000, -48.80000,
,,,0.000004252000, -48.80000,
,,,0.000004254000, -48.80000,
,,,0.000004256000, -48.80000,
,,,0.000004258000, -48.80000,
,,,0.000004260000, -48.80000,
,,,0.000004262000, -48.80000,
,,,0.000004264000, -48.80000,
,,,0.000004266000, -48.80000,
,,,0.000004268000, -48.80000,
,,,0.000004270000, -48.80000,
,,,0.000004272000, -48.80000,
,,,0.000004274000, -48.80000,
,,,0.000004276000, -48.80000,
,,,0.000004278000, -48.80000,
,,,0.000004280000, -48.80000,
,,,0.000004282000, -48.80000,
,,,0.000004284000, -48.80000,
,,,0.000004286000, -48.80000,
,,,0.000004288000, -48.80000,
,,,0.000004290000, -48.80000,
,,,0.000004292000, -48.80000,
,,,0.000004294000, -48.80000,
,,,0.000004296000, -48.80000,
,,,0.000004298000, -48.80000,
,,,0.000004300000, -48.80000,
,,,0.000004302000, -48.80000,
,,,0.000004304000, -48.80000,
,,,0.000004306000, -48.80000,
,,,0.000004308000, -48.80000,
,,,0.000004310000, -48.80000,
,,,0.000004312000, -48.80000,
,,,0.000004314000, -48.80000,
,,,0.000004316000, -48.80000,
,,,0.000004318000, -48.80000,
,,,0.000004320000, -48.80000,
,,,0.000004322000, -48.80000,
,,,0.000004324000, -48.80000,
,,,0.000004326000, -48.80000,
,,,0.000004328000, -48.80000,
,,,0.000004330000, -48.80000,
,,,0.000004332000, -48.80000,
,,,0.000004334000, -48.80000,
,,,0.000004336000, -48.80000,
,,,0.000004338000, -48.80000,
,,,0.000004340000, -48.80000,
,,,0.000004342000, -48.80000,
,,,0.000004344000, -48.80000,
,,,0.000004346000, -48.80000,
,,,0.000004348000, -48.80000,
,,,0.000004350000, -48.80000,
,,,0.000004352000, -48.80000,
,,,0.000004354000, -48.80000,
,,,0.000004356000, -48.80000,
,,,0.000004358000, -48.80000,
,,,0.000004360000, -48.80000,
,,,0.000004362000, -48.80000,
,,,0.000004364000, -48.80000,
,,,0.000004366000, -48.80000,
,,,0.000004368000, -48.80000,
,,,0.000004370000, -48.80000,
,,,0.000004372000, -48.80000,
,,,0.000004374000, -48.80000,
,,,0.000004376000, -48.80000,
,,,0.000004378000, -48.80000,
,,,0.000004380000, -48.80000,
,,,0.000004382000, -48.80000,
,,,0.000004384000, -48.80000,
,,,0.000004386000, -48.80000,
,,,0.000004388000, -48.80000,
,,,0.000004390000, -48.80000,
,,,0.000004392000, -48.80000,
,,,0.000004394000, -48.80000,
,,,0.000004396000, -48.80000,
,,,0.000004398000, -48.80000,
,,,0.000004400000, -48.80000,
,,,0.000004402000, -48.80000,
,,,0.000004404000, -48.80000,
,,,0.000004406000, -48.80000,
,,,0.000004408000, -48.80000,
,,,0.000004410000, -48.80000,
,,,0.000004412000, -48.80000,
,,,0.000004414000, -48.80000,
,,,0.000004416000, -48.80000,
,,,0.000004418000, -48.80000,
,,,0.000004420000, -48.80000,
,,,0.000004422000, -48.80000,
,,,0.000004424000, -48.80000,
,,,0.000004426000, -48.80000,
,,,0.000004428000, -48.80000,
,,,0.000004430000, -48.80000,
,,,0.000004432000, -48.80000,
,,,0.000004434000, -48.80000,
,,,0.000004436000, -48.80000,
,,,0.000004438000, -48.80000,
,,,0.000004440000, -48.80000,
,,,0.000004442000, -48.80000,
,,,0.000004444000, -48.80000,
,,,0.000004446000, -48.80000,
,,,0.000004448000, -48.80000,
,,,0.000004450000, -48.80000,
,,,0.000004452000, -48.80000,
,,,0.000004454000, -48.80000,
,,,0.000004456000, -48.80000,
,,,0.000004458000, -48.80000,
,,,0.000004460000, -48.80000,
,,,0.000004462000, -48.80000,
,,,0.000004464000, -48.80000,
,,,0.000004466000, -48.80000,
,,,0.000004468000, -48.80000,
,,,0.000004470000, -48.80000,
,,,0.000004472000, -48.80000,
,,,0.000004474000, -48.80000,
,,,0.000004476000, -48.80000,
,,,0.000004478000, -48.80000,
,,,0.000004480000, -48.80000,
,,,0.000004482000, -48.80000,
,,,0.000004484000, -48.80000,
,,,0.000004486000, -48.80000,
,,,0.000004488000, -48.80000,
,,,0.000004490000, -48.80000,
,,,0.000004492000, -48.80000,
,,,0.000004494000, -48.80000,
,,,0.000004496000, -48.80000,
,,,0.000004498000, -48.80000,
,,,0.000004500000, -48.80000,
,,,0.000004502000, -48.80000,
,,,0.000004504000, -48.80000,
,,,0.000004506000, -48.80000,
,,,0.000004508000, -48.80000,
,,,0.000004510000, -48.80000,
,,,0.000004512000, -48.80000,
,,,0.000004514000, -48.80000,
,,,0.000004516000, -48.80000,
,,,0.000004518000, -48.80000,
,,,0.000004520000, -48.80000,
,,,0.000004522000, -48.80000,
,,,0.000004524000, -48.80000,
,,,0.000004526000, -48.80000,
,,,0.000004528000, -48.80000,
,,,0.000004530000, -48.80000,
,,,0.000004532000, -48.80000,
,,,0.000004534000, -48.80000,
,,,0.000004536000, -48.80000,
,,,0.000004538000, -48.80000,
,,,0.000004540000, -48.80000,
,,,0.000004542000, -48.80000,
,,,0.000004544000, -48.80000,
,,,0.000004546000, -48.80000,
,,,0.000004548000, -48.80000,
,,,0.000004550000, -48.80000,
,,,0.000004552000, -48.80000,
,,,0.000004554000, -48.80000,
,,,0.000004556000, -48.80000,
,,,0.000004558000, -48.80000,
,,,0.000004560000, -48.80000,
,,,0.000004562000, -48.80000,
,,,0.000004564000, -48.80000,
,,,0.000004566000, -48.80000,
,,,0.000004568000, -48.80000,
,,,0.000004570000, -48.80000,
,,,0.000004572000, -48.80000,
,,,0.000004574000, -48.80000,
,,,0.000004576000, -48.80000,
,,,0.000004578000, -48.80000,
,,,0.000004580000, -48.80000,
,,,0.000004582000, -48.80000,
,,,0.000004584000, -48.80000,
,,,0.000004586000, -48.80000,
,,,0.000004588000, -48.80000,
,,,0.000004590000, -48.80000,
,,,0.000004592000, -48.80000,
,,,0.000004594000, -48.80000,
,,,0.000004596000, -48.80000,
,,,0.000004598000, -48.80000,
,,,0.000004600000, -48.80000,
,,,0.000004602000, -48.80000,
,,,0.000004604000, -48.80000,
,,,0.000004606000, -48.80000,
,,,0.000004608000, -48.80000,
,,,0.000004610000, -48.80000,
,,,0.000004612000, -48.80000,
,,,0.000004614000, -48.80000,
,,,0.000004616000, -48.80000,
,,,0.000004618000, -48.80000,
,,,0.000004620000, -48.80000,
,,,0.000004622000, -48.80000,
,,,0.000004624000, -48.80000,
,,,0.000004626000, -48.80000,
,,,0.000004628000, -48.80000,
,,,0.000004630000, -48.80000,
,,,0.000004632000, -48.80000,
,,,0.000004634000, -48.80000,
,,,0.000004636000, -48.80000,
,,,0.000004638000, -48.80000,
,,,0.000004640000, -48.80000,
,,,0.000004642000, -48.80000,
,,,0.000004644000, -48.80000,
,,,0.000004646000, -48.80000,
,,,0.000004648000, -48.80000,
,,,0.000004650000, -48.80000,
,,,0.000004652000, -48.80000,
,,,0.000004654000, -48.80000,
,,,0.000004656000, -48.80000,
,,,0.000004658000, -48.80000,
,,,0.000004660000, -48.80000,
,,,0.000004662000, -48.80000,
,,,0.000004664000, -48.80000,
,,,0.000004666000, -48.80000,
,,,0.000004668000, -48.80000,
,,,0.000004670000, -48.80000,
,,,0.000004672000, -48.80000,
,,,0.000004674000, -48.80000,
,,,0.000004676000, -48.80000,
,,,0.000004678000, -48.80000,
,,,0.000004680000, -48.80000,
,,,0.000004682000, -48.80000,
,,,0.000004684000, -48.80000,
,,,0.000004686000, -48.80000,
,,,0.000004688000, -48.80000,
,,,0.000004690000, -48.80000,
,,,0.000004692000, -48.80000,
,,,0.000004694000, -48.80000,
,,,0.000004696000, -48.80000,
,,,0.000004698000, -48.80000,
,,,0.000004700000, -48.80000,
,,,0.000004702000, -48.80000,
,,,0.000004704000, -48.80000,
,,,0.000004706000, -48.80000,
,,,0.000004708000, -48.80000,
,,,0.000004710000, -48.80000,
,,,0.000004712000, -48.80000,
,,,0.000004714000, -48.80000,
,,,0.000004716000, -48.80000,
,,,0.000004718000, -48.80000,
,,,0.000004720000, -48.80000,
,,,0.000004722000, -48.80000,
,,,0.000004724000, -48.80000,
,,,0.000004726000, -48.80000,
,,,0.000004728000, -48.80000,
,,,0.000004730000, -48.80000,
,,,0.000004732000, -48.80000,
,,,0.000004734000, -48.80000,
,,,0.000004736000, -48.80000,
,,,0.000004738000, -48.80000,
,,,0.000004740000, -48.80000,
,,,0.000004742000, -48.80000,
,,,0.000004744000, -48.80000,
,,,0.000004746000, -48.80000,
,,,0.000004748000, -48.80000,
,,,0.000004750000, -48.80000,
,,,0.000004752000, -48.80000,
,,,0.000004754000, -48.80000,
,,,0.000004756000, -48.80000,
,,,0.000004758000, -48.80000,
,,,0.000004760000, -48.80000,
,,,0.000004762000, -48.80000,
,,,0.000004764000, -48.80000,
,,,0.000004766000, -48.80000,
,,,0.000004768000, -48.80000,
,,,0.000004770000, -48.80000,
,,,0.000004772000, -48.80000,
,,,0.000004774000, -48.80000,
,,,0.000004776000, -48.80000,
,,,0.000004778000, -48.80000,
,,,0.000004780000, -48.80000,
,,,0.000004782000, -48.80000,
,,,0.000004784000, -48.80000,
,,,0.000004786000, -48.80000,
,,,0.000004788000, -48.80000,
,,,0.000004790000, -48.80000,
,,,0.000004792000, -48.80000,
,,,0.000004794000, -48.80000,
,,,0.000004796000, -48.80000,
,,,0.000004798000, -48.80000,
,,,0.000004800000, -48.80000,
,,,0.000004802000, -48.80000,
,,,0.000004804000, -48.80000,
,,,0.000004806000, -48.80000,
,,,0.000004808000, -48.80000,
,,,0.000004810000, -48.80000,
,,,0.000004812000, -48.80000,
,,,0.000004814000, -48.80000,
,,,0.000004816000, -48.80000,
,,,0.000004818000, -48.80000,
,,,0.000004820000, -48.80000,
,,,0.000004822000, -48.80000,
,,,0.000004824000, -48.80000,
,,,0.000004826000, -48.80000,
,,,0.000004828000, -48.80000,
,,,0.000004830000, -48.80000,
,,,0.000004832000, -48.80000,
,,,0.000004834000, -48.80000,
,,,0.000004836000, -48.80000,
,,,0.000004838000, -48.80000,
,,,0.000004840000, -48.80000,
,,,0.000004842000, -48.80000,
,,,0.000004844000, -48.80000,
,,,0.000004846000, -48.80000,
,,,0.000004848000, -48.80000,
,,,0.000004850000, -48.80000,
,,,0.000004852000, -48.80000,
,,,0.000004854000, -48.80000,
,,,0.000004856000, -48.80000,
,,,0.000004858000, -48.80000,
,,,0.000004860000, -48.80000,
,,,0.000004862000, -48.80000,
,,,0.000004864000, -48.80000,
,,,0.000004866000, -48.80000,
,,,0.000004868000, -48.80000,
,,,0.000004870000, -48.80000,
,,,0.000004872000, -48.80000,
,,,0.000004874000, -48.80000,
,,,0.000004876000, -48.80000,
,,,0.000004878000, -48.80000,
,,,0.000004880000, -48.80000,
,,,0.000004882000, -48.80000,
,,,0.000004884000, -48.80000,
,,,0.000004886000, -48.80000,
,,,0.000004888000, -48.80000,
,,,0.000004890000, -48.80000,
,,,0.000004892000, -48.80000,
,,,0.000004894000, -48.80000,
,,,0.000004896000, -48.80000,
,,,0.000004898000, -48.80000,
,,,0.000004900000, -48.80000,
,,,0.000004902000, -48.80000,
,,,0.000004904000, -48.80000,
,,,0.000004906000, -48.80000,
,,,0.000004908000, -48.80000,
,,,0.000004910000, -48.80000,
,,,0.000004912000, -48.80000,
,,,0.000004914000, -48.80000,
,,,0.000004916000, -48.80000,
,,,0.000004918000, -48.80000,
,,,0.000004920000, -48.80000,
,,,0.000004922000, -48.80000,
,,,0.000004924000, -48.80000,
,,,0.000004926000, -48.80000,
,,,0.000004928000, -48.80000,
,,,0.000004930000, -48.80000,
,,,0.000004932000, -48.80000,
,,,0.000004934000, -48.80000,
,,,0.000004936000, -48.80000,
,,,0.000004938000, -48.80000,
,,,0.000004940000, -48.80000,
,,,0.000004942000, -48.80000,
,,,0.000004944000, -48.80000,
,,,0.000004946000, -48.80000,
,,,0.000004948000, -48.80000,
,,,0.000004950000, -48.80000,
,,,0.000004952000, -48.80000,
,,,0.000004954000, -48.80000,
,,,0.000004956000, -48.80000,
,,,0.000004958000, -48.80000,
,,,0.000004960000, -48.80000,
,,,0.000004962000, -48.80000,
,,,0.000004964000, -48.80000,
,,,0.000004966000, -48.80000,
,,,0.000004968000, -48.80000,
,,,0.000004970000, -48.80000,
,,,0.000004972000, -48.80000,
,,,0.000004974000, -48.80000,
,,,0.000004976000, -48.80000,
,,,0.000004978000, -48.80000,
,,,0.000004980000, -48.80000,
,,,0.000004982000, -48.80000,
,,,0.000004984000, -48.80000,
,,,0.000004986000, -48.80000,
,,,0.000004988000, -48.80000,
,,,0.000004990000, -48.80000,
,,,0.000004992000, -48.80000,
,,,0.000004994000, -48.80000,
,,,0.000004996000, -48.80000,
,,,0.000004998000, -48.80000,
